city,name,rating,review_count,categories,location,latitude,longitude
Denver,Jackalope Arts,5.0,8,Local Flavor,"{'address1': '5738 Olde Wadsworth Blvd', 'address2': '', 'address3': '', 'city': 'Arvada', 'zip_code': '80002', 'country': 'US', 'state': 'CO', 'display_address': ['5738 Olde Wadsworth Blvd', 'Arvada, CO 80002']}",39.800724136818026,-105.08124974830933
Denver,Cherry Creek Holiday Market,3.5,17,Public Markets,"{'address1': '105 Fillmore St', 'address2': '', 'address3': None, 'city': 'Denver', 'zip_code': '80206', 'country': 'US', 'state': 'CO', 'display_address': ['105 Fillmore St', 'Denver, CO 80206']}",39.71874480557974,-104.95374064327746
Denver,The Brew Hut,5.0,121,Brewing Supplies,"{'address1': '15120 E Hampden Ave', 'address2': '', 'address3': '', 'city': 'Aurora', 'zip_code': '80014', 'country': 'US', 'state': 'CO', 'display_address': ['15120 E Hampden Ave', 'Aurora, CO 80014']}",39.65267,-104.812142
Denver,Altitude Brewing & Supply,4.5,16,Brewing Supplies,"{'address1': '4577 N Pecos St', 'address2': None, 'address3': '', 'city': 'Denver', 'zip_code': '80211', 'country': 'US', 'state': 'CO', 'display_address': ['4577 N Pecos St', 'Denver, CO 80211']}",39.77966432185841,-105.006752
Denver,Body Balance Strength & Wellness,5.0,6,Chiropractors,"{'address1': '4735 Walnut St E', 'address2': None, 'address3': '', 'city': 'Boulder', 'zip_code': '80301', 'country': 'US', 'state': 'CO', 'display_address': ['4735 Walnut St E', 'Boulder, CO 80301']}",40.0198647,-105.242018
Denver,The Main Reservoir,4.5,6,Lakes,"{'address1': 'Kipling Pkwy And W Florida Ave', 'address2': '', 'address3': '', 'city': 'Lakewood', 'zip_code': '80232', 'country': 'US', 'state': 'CO', 'display_address': ['Kipling Pkwy And W Florida Ave', 'Lakewood, CO 80232']}",39.6937024441672,-105.117225592035
Denver,Ruby Hill Park,4.5,25,Sledding,"{'address1': '1200 W Florida Ave', 'address2': '', 'address3': '', 'city': 'Denver', 'zip_code': '80223', 'country': 'US', 'state': 'CO', 'display_address': ['1200 W Florida Ave', 'Denver, CO 80223']}",39.689443,-105.00191
Denver,Stratiform Mountain Guides,5.0,2,Ski Schools,"{'address1': '', 'address2': None, 'address3': '', 'city': 'Boulder', 'zip_code': '80301', 'country': 'US', 'state': 'CO', 'display_address': ['Boulder, CO 80301']}",40.05099,-105.19525
Denver,Expo Park,4.0,16,Disc Golf,"{'address1': '10955 E Exposition Ave', 'address2': '', 'address3': '', 'city': 'Aurora', 'zip_code': '80012', 'country': 'US', 'state': 'CO', 'display_address': ['10955 E Exposition Ave', 'Aurora, CO 80012']}",39.7039549,-104.8595502
Denver,Havana Park Off Track Betting,2.0,5,Sports Betting,"{'address1': '10750 E Iliff Ave', 'address2': '', 'address3': '', 'city': 'Aurora', 'zip_code': '80014', 'country': 'US', 'state': 'CO', 'display_address': ['10750 E Iliff Ave', 'Aurora, CO 80014']}",39.673929843773564,-104.86333520384211
Denver,Black Kettle Ranch,2.0,5,Pet Breeders,"{'address1': '11413 Hilltop Rd', 'address2': '', 'address3': None, 'city': 'Parker', 'zip_code': '80134', 'country': 'US', 'state': 'CO', 'display_address': ['11413 Hilltop Rd', 'Parker, CO 80134']}",39.445305,-104.672456
Denver,The Pikine Grill Food Truck,5.0,36,Senegalese,"{'address1': '16360 East Fremont Ave', 'address2': None, 'address3': '', 'city': 'Aurora', 'zip_code': '80022', 'country': 'US', 'state': 'CO', 'display_address': ['16360 East Fremont Ave', 'Aurora, CO 80022']}",39.5844558,-104.7966026
Denver,The Brew Hut,5.0,121,Brewing Supplies,"{'address1': '15120 E Hampden Ave', 'address2': '', 'address3': '', 'city': 'Aurora', 'zip_code': '80014', 'country': 'US', 'state': 'CO', 'display_address': ['15120 E Hampden Ave', 'Aurora, CO 80014']}",39.65267,-104.812142
Denver,Knit Knook,5.0,10,Knitting Supplies,"{'address1': '10903 US Hwy 285', 'address2': 'Ste E202', 'address3': None, 'city': 'Conifer', 'zip_code': '80433', 'country': 'US', 'state': 'CO', 'display_address': ['10903 US Hwy 285', 'Ste E202', 'Conifer, CO 80433']}",39.518538,-105.3059304
Denver,Kratom Cafe USA,5.0,4,Traditional Chinese Medicine,"{'address1': '7701 Ralston Rd', 'address2': 'Ste A', 'address3': '', 'city': 'Arvada', 'zip_code': '80002', 'country': 'US', 'state': 'CO', 'display_address': ['7701 Ralston Rd', 'Ste A', 'Arvada, CO 80002']}",39.8021735,-105.0826623
Denver,Kratom Cafe USA,5.0,4,Cannabis Dispensaries,"{'address1': '7701 Ralston Rd', 'address2': 'Ste A', 'address3': '', 'city': 'Arvada', 'zip_code': '80002', 'country': 'US', 'state': 'CO', 'display_address': ['7701 Ralston Rd', 'Ste A', 'Arvada, CO 80002']}",39.8021735,-105.0826623
Denver,No Ke Aloha - Polynesian Cuisine,4.5,57,Polynesian,"{'address1': '854 S Buckley Rd', 'address2': '', 'address3': '', 'city': 'Aurora', 'zip_code': '80017', 'country': 'US', 'state': 'CO', 'display_address': ['854 S Buckley Rd', 'Aurora, CO 80017']}",39.701164981935364,-104.7901051
Denver,Front Range Kratom,4.5,16,Traditional Chinese Medicine,"{'address1': '2790 S Havana St', 'address2': 'Unit T', 'address3': '', 'city': 'Aurora', 'zip_code': '80014', 'country': 'US', 'state': 'CO', 'display_address': ['2790 S Havana St', 'Unit T', 'Aurora, CO 80014']}",39.6661452,-104.86448365276652
Denver,Moge Tee - Lakewood,4.5,15,Themed Cafes,"{'address1': '3140 S. Wadsworth', 'address2': 'Unit 115', 'address3': '', 'city': 'Lakewood', 'zip_code': '80227', 'country': 'US', 'state': 'CO', 'display_address': ['3140 S. Wadsworth', 'Unit 115', 'Lakewood, CO 80227']}",39.66171,-105.080988
Denver,EVOO Marketplace  -Denver,4.5,71,Olive Oil,"{'address1': '1338 15th St', 'address2': '', 'address3': '', 'city': 'Denver', 'zip_code': '80202', 'country': 'US', 'state': 'CO', 'display_address': ['1338 15th St', 'Denver, CO 80202']}",39.74874,-104.99954
Denver,Altitude Brewing & Supply,4.5,16,Brewing Supplies,"{'address1': '4577 N Pecos St', 'address2': None, 'address3': '', 'city': 'Denver', 'zip_code': '80211', 'country': 'US', 'state': 'CO', 'display_address': ['4577 N Pecos St', 'Denver, CO 80211']}",39.77966432185841,-105.006752
Denver,Kratom by Mile High Botanicals,4.5,16,Traditional Chinese Medicine,"{'address1': '1540 S Holly St', 'address2': 'Ste 5', 'address3': '', 'city': 'Denver', 'zip_code': '80222', 'country': 'US', 'state': 'CO', 'display_address': ['1540 S Holly St', 'Ste 5', 'Denver, CO 80222']}",39.6886246,-104.9220181
Denver,Hill's Harvest,4.5,7,Pumpkin Patches,"{'address1': '3225 E 124th St', 'address2': '', 'address3': '', 'city': 'Thornton', 'zip_code': '80241', 'country': 'US', 'state': 'CO', 'display_address': ['3225 E 124th St', 'Thornton, CO 80241']}",39.921492,-104.9488882
Denver,Bean Fosters,4.5,162,Used Bookstore,"{'address1': '720 Golden Ridge Rd', 'address2': 'Ste D', 'address3': '', 'city': 'Golden', 'zip_code': '80401', 'country': 'US', 'state': 'CO', 'display_address': ['720 Golden Ridge Rd', 'Ste D', 'Golden, CO 80401']}",39.728378,-105.2087449
Denver,Enchanted Grounds,4.5,64,Comic Books,"{'address1': '3615 W Bowles Ave', 'address2': 'Ste 5', 'address3': '', 'city': 'Littleton', 'zip_code': '80123', 'country': 'US', 'state': 'CO', 'display_address': ['3615 W Bowles Ave', 'Ste 5', 'Littleton, CO 80123']}",39.609961,-105.034774
Denver,Redstone Meadery,4.5,69,Meaderies,"{'address1': '4700 Pearl St', 'address2': 'Ste 2A', 'address3': '', 'city': 'Boulder', 'zip_code': '80301', 'country': 'US', 'state': 'CO', 'display_address': ['4700 Pearl St', 'Ste 2A', 'Boulder, CO 80301']}",40.0247116088867,-105.243453979492
Denver,Zero Market,5.0,3,Flea Markets,"{'address1': '5505 W 20th Ave', 'address2': '', 'address3': None, 'city': 'Edgewater', 'zip_code': '80214', 'country': 'US', 'state': 'CO', 'display_address': ['5505 W 20th Ave', 'Edgewater, CO 80214']}",39.74777,-105.05678
Denver,Ifka Cafe,4.5,13,Somali,"{'address1': '1535 S Havana St', 'address2': 'Ste M', 'address3': '', 'city': 'Aurora', 'zip_code': '80247', 'country': 'US', 'state': 'CO', 'display_address': ['1535 S Havana St', 'Ste M', 'Aurora, CO 80247']}",39.688246,-104.867536
Denver,Adobo XO,4.5,18,Filipino,"{'address1': '3109 N Federal Blvd', 'address2': '', 'address3': None, 'city': 'Denver', 'zip_code': '80211', 'country': 'US', 'state': 'CO', 'display_address': ['3109 N Federal Blvd', 'Denver, CO 80211']}",39.7610003249286,-105.025530287915
Denver,Aero-Cruise Balloon Adventures,5.0,5,Hot Air Balloons,"{'address1': '890 Hemlock Way', 'address2': None, 'address3': '', 'city': 'Broomfield', 'zip_code': '80020', 'country': 'US', 'state': 'CO', 'display_address': ['890 Hemlock Way', 'Broomfield, CO 80020']}",39.927059,-105.080493
Denver,Titus Adventure Company,5.0,7,RV Rental,"{'address1': '1830 W 64th Ln', 'address2': 'Unit A', 'address3': '', 'city': 'Denver', 'zip_code': '80221', 'country': 'US', 'state': 'CO', 'display_address': ['1830 W 64th Ln', 'Unit A', 'Denver, CO 80221']}",39.81548,-105.00906
Denver,Meier Skis,5.0,7,Ski & Snowboard Shops,"{'address1': '1775 S Broadway', 'address2': '', 'address3': None, 'city': 'Denver', 'zip_code': '80210', 'country': 'US', 'state': 'CO', 'display_address': ['1775 S Broadway', 'Denver, CO 80210']}",39.6843817,-104.9879455
Denver,Cottonwood Farms,4.0,29,Pumpkin Patches,"{'address1': '10600 Isabelle Rd', 'address2': '', 'address3': '', 'city': 'Lafayette', 'zip_code': '80026', 'country': 'US', 'state': 'CO', 'display_address': ['10600 Isabelle Rd', 'Lafayette, CO 80026']}",40.0365115,-105.1052287
Denver,Charter Sports Ski & Snowboard Rentals,5.0,1,Ski & Snowboard Shops,"{'address1': '120 Offerson Rd', 'address2': None, 'address3': None, 'city': 'Avon', 'zip_code': '81620', 'country': 'US', 'state': 'CO', 'display_address': ['120 Offerson Rd', 'Avon, CO 81620']}",39.60742,-106.51723
Denver,Charter Sports Ski & Snowboard Rentals,3.0,11,Ski & Snowboard Shops,"{'address1': '160 W Beaver Creek Blvd', 'address2': '', 'address3': '', 'city': 'Avon', 'zip_code': '81620', 'country': 'US', 'state': 'CO', 'display_address': ['160 W Beaver Creek Blvd', 'Avon, CO 81620']}",39.636642,-106.524932
Denver,Jad’s Mile High Smoke,5.0,6,Cannabis Dispensaries,"{'address1': '7667 Washington St', 'address2': None, 'address3': '', 'city': 'Denver', 'zip_code': '80229', 'country': 'US', 'state': 'CO', 'display_address': ['7667 Washington St', 'Denver, CO 80229']}",39.835743672529865,-104.97850668845506
Denver,Edgewater Public Market,4.0,229,Flea Markets,"{'address1': '5505 West 20th Ave', 'address2': None, 'address3': '', 'city': 'Edgewater', 'zip_code': '80214', 'country': 'US', 'state': 'CO', 'display_address': ['5505 West 20th Ave', 'Edgewater, CO 80214']}",39.74914922443379,-105.05718245890881
Denver,Garage Sale Vintage,4.5,3,"Used, Vintage & Consignment","{'address1': '390 S Teller St', 'address2': None, 'address3': '', 'city': 'Lakewood', 'zip_code': '80226', 'country': 'US', 'state': 'CO', 'display_address': ['390 S Teller St', 'Lakewood, CO 80226']}",39.709383,-105.07665
Denver,Scissors & Scotch,3.5,5,Barbers,"{'address1': '12227 Pine Bluffs Way', 'address2': 'Ste 109', 'address3': None, 'city': 'Parker', 'zip_code': '80134', 'country': 'US', 'state': 'CO', 'display_address': ['12227 Pine Bluffs Way', 'Ste 109', 'Parker, CO 80134']}",39.49434864282122,-104.75971116
Denver,Meskerem,3.5,17,Eritrean,"{'address1': '1121 S Peoria St', 'address2': '', 'address3': '', 'city': 'Aurora', 'zip_code': '80012', 'country': 'US', 'state': 'CO', 'display_address': ['1121 S Peoria St', 'Aurora, CO 80012']}",39.695915222168,-104.847564697266
Denver,Body Balance Strength & Wellness,5.0,6,Chiropractors,"{'address1': '4735 Walnut St E', 'address2': None, 'address3': '', 'city': 'Boulder', 'zip_code': '80301', 'country': 'US', 'state': 'CO', 'display_address': ['4735 Walnut St E', 'Boulder, CO 80301']}",40.0198647,-105.242018
Denver,Complete Health Chiropractic,5.0,6,Chiropractors,"{'address1': '791 Southpark Dr', 'address2': 'Ste 400', 'address3': '', 'city': 'Littleton', 'zip_code': '80120', 'country': 'US', 'state': 'CO', 'display_address': ['791 Southpark Dr', 'Ste 400', 'Littleton, CO 80120']}",39.56905,-104.99737
Denver,Nova Mente Academy,5.0,9,Chiropractors,"{'address1': '2761 West Oxford Ave', 'address2': 'Unit 7', 'address3': '', 'city': 'Englewood', 'zip_code': '80110', 'country': 'US', 'state': 'CO', 'display_address': ['2761 West Oxford Ave', 'Unit 7', 'Englewood, CO 80110']}",39.642556,-105.02286
Denver,Wei's Acupuncture,4.5,14,Traditional Chinese Medicine,"{'address1': '3615 S Tamarac Dr', 'address2': 'Ste 250', 'address3': '', 'city': 'Denver', 'zip_code': '80237', 'country': 'US', 'state': 'CO', 'display_address': ['3615 S Tamarac Dr', 'Ste 250', 'Denver, CO 80237']}",39.651209,-104.899137
Denver,Gentle Winds and Hands,5.0,3,Reflexology,"{'address1': '9150 W Jewell Ave', 'address2': 'Ste 118', 'address3': '', 'city': 'Lakewood', 'zip_code': '80232', 'country': 'US', 'state': 'CO', 'display_address': ['9150 W Jewell Ave', 'Ste 118', 'Lakewood, CO 80232']}",39.6820251,-105.0991947
Denver,Bare Medicine,5.0,3,Reflexology,"{'address1': '3456 Tejon St', 'address2': '', 'address3': 'The Freyja Project', 'city': 'Denver', 'zip_code': '80211', 'country': 'US', 'state': 'CO', 'display_address': ['3456 Tejon St', 'The Freyja Project', 'Denver, CO 80211']}",39.7654266,-105.0110474
Denver,Acupuncture & Chinese Herbs Integrative Clinic,5.0,3,Traditional Chinese Medicine,"{'address1': '6851 S Holly Cir', 'address2': 'Ste 180', 'address3': '', 'city': 'Centennial', 'zip_code': '80112', 'country': 'US', 'state': 'CO', 'display_address': ['6851 S Holly Cir', 'Ste 180', 'Centennial, CO 80112']}",39.5921821594238,-104.922187805176
Denver,MŪV Chiropractic & Yoga,5.0,2,Chiropractors,"{'address1': '4688 Broadway St', 'address2': '', 'address3': '', 'city': 'Boulder', 'zip_code': '80304', 'country': 'US', 'state': 'CO', 'display_address': ['4688 Broadway St', 'Boulder, CO 80304']}",40.059882217937684,-105.28179686661989
Denver,Chi Wellness,5.0,2,Traditional Chinese Medicine,"{'address1': '4155 E Jewell Ave', 'address2': 'Ste 105', 'address3': '', 'city': 'Denver', 'zip_code': '80222', 'country': 'US', 'state': 'CO', 'display_address': ['4155 E Jewell Ave', 'Ste 105', 'Denver, CO 80222']}",39.68348,-104.93852
Denver,Colorado Hsing-I Kung Fu,5.0,2,Traditional Chinese Medicine,"{'address1': '305 S Kipling St', 'address2': '', 'address3': ""Mueller's Martial Arts"", 'city': 'Lakewood', 'zip_code': '80226', 'country': 'US', 'state': 'CO', 'display_address': ['305 S Kipling St', ""Mueller's Martial Arts"", 'Lakewood, CO 80226']}",39.710439,-105.1105011
Denver,"Devyn Christian, DC CCSP CSCS",5.0,1,Chiropractors,"{'address1': '6850 W 116th Ave', 'address2': 'Ste A', 'address3': '', 'city': 'Broomfield', 'zip_code': '80020', 'country': 'US', 'state': 'CO', 'display_address': ['6850 W 116th Ave', 'Ste A', 'Broomfield, CO 80020']}",39.90727,-105.07228
Denver,Edgewater Civic Center,5.0,1,Civic Center,"{'address1': '1800 Harlan St', 'address2': '', 'address3': None, 'city': 'Lakewood', 'zip_code': '80214', 'country': 'US', 'state': 'CO', 'display_address': ['1800 Harlan St', 'Lakewood, CO 80214']}",39.74573,-105.06247
Denver,Wild Blue Acupuncture and Wellness,5.0,1,Traditional Chinese Medicine,"{'address1': '401 E Cleveland St', 'address2': 'Unit C', 'address3': '', 'city': 'Lafayette', 'zip_code': '80026', 'country': 'US', 'state': 'CO', 'display_address': ['401 E Cleveland St', 'Unit C', 'Lafayette, CO 80026']}",39.997543935495514,-105.0865672
Denver,Sacred Grove Healing,5.0,1,Traditional Chinese Medicine,"{'address1': '4045 Wadsworth Blvd', 'address2': 'Ste 100', 'address3': '', 'city': 'Denver', 'zip_code': '80033', 'country': 'US', 'state': 'CO', 'display_address': ['4045 Wadsworth Blvd', 'Ste 100', 'Denver, CO 80033']}",39.772455,-105.0820455
Denver,The Pikine Grill Food Truck,5.0,36,Senegalese,"{'address1': '16360 East Fremont Ave', 'address2': None, 'address3': '', 'city': 'Aurora', 'zip_code': '80022', 'country': 'US', 'state': 'CO', 'display_address': ['16360 East Fremont Ave', 'Aurora, CO 80022']}",39.5844558,-104.7966026
Denver,No Ke Aloha - Polynesian Cuisine,4.5,57,Polynesian,"{'address1': '854 S Buckley Rd', 'address2': '', 'address3': '', 'city': 'Aurora', 'zip_code': '80017', 'country': 'US', 'state': 'CO', 'display_address': ['854 S Buckley Rd', 'Aurora, CO 80017']}",39.701164981935364,-104.7901051
Denver,Moge Tee - Lakewood,4.5,15,Themed Cafes,"{'address1': '3140 S. Wadsworth', 'address2': 'Unit 115', 'address3': '', 'city': 'Lakewood', 'zip_code': '80227', 'country': 'US', 'state': 'CO', 'display_address': ['3140 S. Wadsworth', 'Unit 115', 'Lakewood, CO 80227']}",39.66171,-105.080988
Denver,HOJA,4.5,138,Themed Cafes,"{'address1': '1284 S Pearl St', 'address2': None, 'address3': None, 'city': 'Denver', 'zip_code': '80210', 'country': 'US', 'state': 'CO', 'display_address': ['1284 S Pearl St', 'Denver, CO 80210']}",39.6932103537227,-104.980080015957
Denver,Bean Fosters,4.5,162,Used Bookstore,"{'address1': '720 Golden Ridge Rd', 'address2': 'Ste D', 'address3': '', 'city': 'Golden', 'zip_code': '80401', 'country': 'US', 'state': 'CO', 'display_address': ['720 Golden Ridge Rd', 'Ste D', 'Golden, CO 80401']}",39.728378,-105.2087449
Denver,Ifka Cafe,4.5,13,Somali,"{'address1': '1535 S Havana St', 'address2': 'Ste M', 'address3': '', 'city': 'Aurora', 'zip_code': '80247', 'country': 'US', 'state': 'CO', 'display_address': ['1535 S Havana St', 'Ste M', 'Aurora, CO 80247']}",39.688246,-104.867536
Denver,Manila Bay Filipino Restaurant,4.5,100,Filipino,"{'address1': '13800 E Mississippi Ave', 'address2': '', 'address3': None, 'city': 'Aurora', 'zip_code': '80012', 'country': 'US', 'state': 'CO', 'display_address': ['13800 E Mississippi Ave', 'Aurora, CO 80012']}",39.69624,-104.82789
Denver,Tattered Cover - Colfax Avenue,4.5,266,Newspapers & Magazines,"{'address1': '2526 E Colfax Ave', 'address2': '', 'address3': '', 'city': 'Denver', 'zip_code': '80206', 'country': 'US', 'state': 'CO', 'display_address': ['2526 E Colfax Ave', 'Denver, CO 80206']}",39.7398146000023,-104.956621317444
Denver,Adobo XO,4.5,18,Filipino,"{'address1': '3109 N Federal Blvd', 'address2': '', 'address3': None, 'city': 'Denver', 'zip_code': '80211', 'country': 'US', 'state': 'CO', 'display_address': ['3109 N Federal Blvd', 'Denver, CO 80211']}",39.7610003249286,-105.025530287915
Denver,Woody's Wings N Things,4.5,320,Cambodian,"{'address1': '6817 Lowell Blvd', 'address2': '', 'address3': '', 'city': 'Westminster', 'zip_code': '80221', 'country': 'US', 'state': 'CO', 'display_address': ['6817 Lowell Blvd', 'Westminster, CO 80221']}",39.820522,-105.035119
Denver,Woody's Wings N Things,4.5,320,Laotian,"{'address1': '6817 Lowell Blvd', 'address2': '', 'address3': '', 'city': 'Westminster', 'zip_code': '80221', 'country': 'US', 'state': 'CO', 'display_address': ['6817 Lowell Blvd', 'Westminster, CO 80221']}",39.820522,-105.035119
Denver,Lea Marlene Actors Studio & The Namastage Theatre,5.0,5,Drama Schools,"{'address1': '119 Park Ave W', 'address2': '', 'address3': '', 'city': 'Denver', 'zip_code': '80205', 'country': 'US', 'state': 'CO', 'display_address': ['119 Park Ave W', 'Denver, CO 80205']}",39.747921,-104.9784441
Denver,Tibet Gallery,5.0,6,Rugs,"{'address1': '1909 9th St', 'address2': 'Ste 120', 'address3': None, 'city': 'Boulder', 'zip_code': '80302', 'country': 'US', 'state': 'CO', 'display_address': ['1909 9th St', 'Ste 120', 'Boulder, CO 80302']}",40.01622,-105.28383
Denver,Old Map Gallery,5.0,13,Hobby Shops,"{'address1': '1550 Wynkoop St', 'address2': '', 'address3': '', 'city': 'Denver', 'zip_code': '80202', 'country': 'US', 'state': 'CO', 'display_address': ['1550 Wynkoop St', 'Denver, CO 80202']}",39.7512204157917,-105.001662662508
Denver,ELEMENT Home,5.0,34,Furniture Stores,"{'address1': '3030 E 2nd Ave', 'address2': None, 'address3': '', 'city': 'Denver', 'zip_code': '80206', 'country': 'US', 'state': 'CO', 'display_address': ['3030 E 2nd Ave', 'Denver, CO 80206']}",39.7476609,-104.9990796
Denver,Eron Johnson Antiques,5.0,9,Furniture Stores,"{'address1': '377 South Lipan St', 'address2': 'Unit B', 'address3': '', 'city': 'Denver', 'zip_code': '80223', 'country': 'US', 'state': 'CO', 'display_address': ['377 South Lipan St', 'Unit B', 'Denver, CO 80223']}",39.7090481284142,-105.00174164351655
Denver,Channel 3 Retro Gaming Center,5.0,17,Video Game Stores,"{'address1': '8410 W Colfax Ave', 'address2': '', 'address3': None, 'city': 'Lakewood', 'zip_code': '80215', 'country': 'US', 'state': 'CO', 'display_address': ['8410 W Colfax Ave', 'Lakewood, CO 80215']}",39.7398872,-105.0914884
Denver,Jackalope Arts,5.0,8,Local Flavor,"{'address1': '5738 Olde Wadsworth Blvd', 'address2': '', 'address3': '', 'city': 'Arvada', 'zip_code': '80002', 'country': 'US', 'state': 'CO', 'display_address': ['5738 Olde Wadsworth Blvd', 'Arvada, CO 80002']}",39.800724136818026,-105.08124974830933
Denver,Mhor RC Raceway,4.5,11,Hobby Shops,"{'address1': '15540 E Batavia Dr', 'address2': '', 'address3': '', 'city': 'Aurora', 'zip_code': '80011', 'country': 'US', 'state': 'CO', 'display_address': ['15540 E Batavia Dr', 'Aurora, CO 80011']}",39.74219,-104.8074199
Denver,Mid-Mod Mall,4.5,51,Furniture Stores,"{'address1': '4325 Wadsworth Blvd', 'address2': '', 'address3': None, 'city': 'Denver', 'zip_code': '80033', 'country': 'US', 'state': 'CO', 'display_address': ['4325 Wadsworth Blvd', 'Denver, CO 80033']}",39.77555,-105.08248
Denver,For Heaven's Sake Metaphysical Store - Denver,4.5,56,Gemstones & Minerals,"{'address1': '4900 W 46th Ave', 'address2': '', 'address3': '', 'city': 'Denver', 'zip_code': '80212', 'country': 'US', 'state': 'CO', 'display_address': ['4900 W 46th Ave', 'Denver, CO 80212']}",39.78001,-105.05009
Denver,Red Herring Art & Supply,5.0,3,"Used, Vintage & Consignment","{'address1': '6501 W Colfax Ave', 'address2': 'Studio F', 'address3': '', 'city': 'Lakewood', 'zip_code': '80214', 'country': 'US', 'state': 'CO', 'display_address': ['6501 W Colfax Ave', 'Studio F', 'Lakewood, CO 80214']}",39.740750174872936,-105.06845313022818
Denver,Divine Bodies Healing Arts,5.0,3,Reflexology,"{'address1': '8725-C Wadsworth Blvd', 'address2': None, 'address3': '', 'city': 'Arvada', 'zip_code': '80003', 'country': 'US', 'state': 'CO', 'display_address': ['8725-C Wadsworth Blvd', 'Arvada, CO 80003']}",39.854237,-105.0829941
Denver,Lone Creek Farms,4.5,18,Pumpkin Patches,"{'address1': '3879 N State Hwy 83', 'address2': None, 'address3': '', 'city': 'Franktown', 'zip_code': '80116', 'country': 'US', 'state': 'CO', 'display_address': ['3879 N State Hwy 83', 'Franktown, CO 80116']}",39.419257129480975,-104.76334003787545
Denver,Twigs and Twine,4.5,6,Paint Stores,"{'address1': '445 S Saulsbury St', 'address2': 'Unit F', 'address3': '', 'city': 'Lakewood', 'zip_code': '80226', 'country': 'US', 'state': 'CO', 'display_address': ['445 S Saulsbury St', 'Unit F', 'Lakewood, CO 80226']}",39.7085786253169,-105.075204496542
Denver,Catalyst Crystals & Jewelry,5.0,2,Gemstones & Minerals,"{'address1': '1169 S Huron St', 'address2': None, 'address3': '', 'city': 'Denver', 'zip_code': '80223', 'country': 'US', 'state': 'CO', 'display_address': ['1169 S Huron St', 'Denver, CO 80223']}",39.6955628,-104.9970877
Denver,Reinke Brothers,4.0,62,Costumes,"{'address1': '5663 S Prince St', 'address2': '', 'address3': '', 'city': 'Littleton', 'zip_code': '80120', 'country': 'US', 'state': 'CO', 'display_address': ['5663 S Prince St', 'Littleton, CO 80120']}",39.614272,-105.016704
Denver,Crystal Haven,4.0,10,Gemstones & Minerals,"{'address1': '311 E County Line Rd', 'address2': 'Unit A-3', 'address3': '', 'city': 'Littleton', 'zip_code': '80122', 'country': 'US', 'state': 'CO', 'display_address': ['311 E County Line Rd', 'Unit A-3', 'Littleton, CO 80122']}",39.56718,-104.98505
Denver,Mark Hall Caricature Art,4.0,5,Caricatures,"{'address1': '', 'address2': '', 'address3': '', 'city': 'Aurora', 'zip_code': '80013', 'country': 'US', 'state': 'CO', 'display_address': ['Aurora, CO 80013']}",39.655269,-104.7598576
Denver,Rock Creek Farm,4.0,71,Pumpkin Patches,"{'address1': '2005 S 112th St', 'address2': '', 'address3': '', 'city': 'Broomfield', 'zip_code': '80020', 'country': 'US', 'state': 'CO', 'display_address': ['2005 S 112th St', 'Broomfield, CO 80020']}",39.9655609130859,-105.090339660645
Denver,The Bingo Company,4.5,4,Bingo Halls,"{'address1': '6520 Wadsworth Blvd', 'address2': '', 'address3': '', 'city': 'Arvada', 'zip_code': '80003', 'country': 'US', 'state': 'CO', 'display_address': ['6520 Wadsworth Blvd', 'Arvada, CO 80003']}",39.8150778,-105.0811353
Denver,7th Generation Farm,4.0,11,Pumpkin Patches,"{'address1': '1536 Courtesy Road', 'address2': '', 'address3': '', 'city': 'Louisville', 'zip_code': '80027', 'country': 'US', 'state': 'CO', 'display_address': ['1536 Courtesy Road', 'Louisville, CO 80027']}",39.985182,-105.127566
Denver,The Coffee Joint,4.0,11,Cannabis Dispensaries,"{'address1': '1130 Yuma Ct', 'address2': None, 'address3': '', 'city': 'Denver', 'zip_code': '80204', 'country': 'US', 'state': 'CO', 'display_address': ['1130 Yuma Ct', 'Denver, CO 80204']}",39.73426,-105.01433
Denver,Turn Of The Century Bingo,4.5,3,Bingo Halls,"{'address1': '1921 S Havana St', 'address2': '', 'address3': '', 'city': 'Aurora', 'zip_code': '80014', 'country': 'US', 'state': 'CO', 'display_address': ['1921 S Havana St', 'Aurora, CO 80014']}",39.681416,-104.867492
Denver,Barrys Bingo,4.0,13,Bingo Halls,"{'address1': '1860 S Federal Blvd', 'address2': '', 'address3': '', 'city': 'Denver', 'zip_code': '80219', 'country': 'US', 'state': 'CO', 'display_address': ['1860 S Federal Blvd', 'Denver, CO 80219']}",39.68303,-105.02432
Denver,Turn II Bingo,3.5,6,Bingo Halls,"{'address1': '7139 Pecos St', 'address2': '', 'address3': '', 'city': 'Denver', 'zip_code': '80221', 'country': 'US', 'state': 'CO', 'display_address': ['7139 Pecos St', 'Denver, CO 80221']}",39.8269603,-105.0062949
Denver,Cherry Creek Holiday Market,3.5,17,Public Markets,"{'address1': '105 Fillmore St', 'address2': '', 'address3': None, 'city': 'Denver', 'zip_code': '80206', 'country': 'US', 'state': 'CO', 'display_address': ['105 Fillmore St', 'Denver, CO 80206']}",39.71874480557974,-104.95374064327746
Denver,Maize in the City,3.5,22,Pumpkin Patches,"{'address1': '10451 McKay Rd', 'address2': None, 'address3': None, 'city': 'Thornton', 'zip_code': '80233', 'country': 'US', 'state': 'CO', 'display_address': ['10451 McKay Rd', 'Thornton, CO 80233']}",39.88580888123629,-104.91697157116434
Denver,Voss Art + Home,3.5,6,Furniture Stores,"{'address1': '2037 13th St', 'address2': '', 'address3': '', 'city': 'Boulder', 'zip_code': '80302', 'country': 'US', 'state': 'CO', 'display_address': ['2037 13th St', 'Boulder, CO 80302']}",40.0187405,-105.2792903
Denver,Havana Park Off Track Betting,2.0,5,Sports Betting,"{'address1': '10750 E Iliff Ave', 'address2': '', 'address3': '', 'city': 'Aurora', 'zip_code': '80014', 'country': 'US', 'state': 'CO', 'display_address': ['10750 E Iliff Ave', 'Aurora, CO 80014']}",39.673929843773564,-104.86333520384211
Denver,Goalmaster28 Productions,1.5,3,Television Stations,"{'address1': '8801 Fox Dr', 'address2': '', 'address3': '', 'city': 'Thornton', 'zip_code': '80260', 'country': 'US', 'state': 'CO', 'display_address': ['8801 Fox Dr', 'Thornton, CO 80260']}",39.8568090875139,-104.994531543245
Denver,Maize in the City,3.5,22,Pumpkin Patches,"{'address1': '10451 McKay Rd', 'address2': None, 'address3': None, 'city': 'Thornton', 'zip_code': '80233', 'country': 'US', 'state': 'CO', 'display_address': ['10451 McKay Rd', 'Thornton, CO 80233']}",39.88580888123629,-104.91697157116434
Denver,Jad’s Mile High Smoke,5.0,6,Cannabis Dispensaries,"{'address1': '7667 Washington St', 'address2': None, 'address3': '', 'city': 'Denver', 'zip_code': '80229', 'country': 'US', 'state': 'CO', 'display_address': ['7667 Washington St', 'Denver, CO 80229']}",39.835743672529865,-104.97850668845506
Denver,Edgewater Public Market,4.0,229,Flea Markets,"{'address1': '5505 West 20th Ave', 'address2': None, 'address3': '', 'city': 'Edgewater', 'zip_code': '80214', 'country': 'US', 'state': 'CO', 'display_address': ['5505 West 20th Ave', 'Edgewater, CO 80214']}",39.74914922443379,-105.05718245890881
Denver,Garage Sale Vintage,4.5,3,"Used, Vintage & Consignment","{'address1': '390 S Teller St', 'address2': None, 'address3': '', 'city': 'Lakewood', 'zip_code': '80226', 'country': 'US', 'state': 'CO', 'display_address': ['390 S Teller St', 'Lakewood, CO 80226']}",39.709383,-105.07665
Denver,Scissors & Scotch,3.5,5,Barbers,"{'address1': '12227 Pine Bluffs Way', 'address2': 'Ste 109', 'address3': None, 'city': 'Parker', 'zip_code': '80134', 'country': 'US', 'state': 'CO', 'display_address': ['12227 Pine Bluffs Way', 'Ste 109', 'Parker, CO 80134']}",39.49434864282122,-104.75971116
Denver,Meskerem,3.5,17,Eritrean,"{'address1': '1121 S Peoria St', 'address2': '', 'address3': '', 'city': 'Aurora', 'zip_code': '80012', 'country': 'US', 'state': 'CO', 'display_address': ['1121 S Peoria St', 'Aurora, CO 80012']}",39.695915222168,-104.847564697266
Miami,The Shop Tattoo Studio,5.0,7,Piercing,"{'address1': '1988 W 60th St', 'address2': None, 'address3': '', 'city': 'Hialeah', 'zip_code': '33012', 'country': 'US', 'state': 'FL', 'display_address': ['1988 W 60th St', 'Hialeah, FL 33012']}",25.8763378,-80.3224482116394
Miami,ABRA Gallery,5.0,8,Art Consultants,"{'address1': '713 East Las Olas Blvd', 'address2': '', 'address3': '', 'city': 'Fort Lauderdale', 'zip_code': '33301', 'country': 'US', 'state': 'FL', 'display_address': ['713 East Las Olas Blvd', 'Fort Lauderdale, FL 33301']}",26.119515,-80.135902
Miami,"Esmeralda's Earth, Wind and Fire Boutique",4.5,34,Religious Items,"{'address1': '12345 SW 224th St', 'address2': '', 'address3': 'Cottage 12345', 'city': 'Miami', 'zip_code': '33170', 'country': 'US', 'state': 'FL', 'display_address': ['12345 SW 224th St', 'Cottage 12345', 'Miami, FL 33170']}",25.559057,-80.391519
Miami,Live Tables Entertainment & Catering,5.0,1,Wedding Chapels,"{'address1': '', 'address2': '', 'address3': '', 'city': 'Hollywood', 'zip_code': '33020', 'country': 'US', 'state': 'FL', 'display_address': ['Hollywood, FL 33020']}",26.0193004608154,-80.1523742675781
Miami,Bonded by Ink,5.0,1,Piercing,"{'address1': '111 S 21st Ave', 'address2': None, 'address3': '', 'city': 'Hollywood', 'zip_code': '33020', 'country': 'US', 'state': 'FL', 'display_address': ['111 S 21st Ave', 'Hollywood, FL 33020']}",26.01092,-80.148695
Miami,Squirtin Ink,5.0,1,Piercing,"{'address1': '10 NE 3rd St', 'address2': None, 'address3': '', 'city': 'Homestead', 'zip_code': '33034', 'country': 'US', 'state': 'FL', 'display_address': ['10 NE 3rd St', 'Homestead, FL 33034']}",25.451123,-80.476218
Miami,F.R.I.E.N.D.S. Horse Rescue & Sanctuary,3.5,3,Animal Shelters,"{'address1': '19801 Sheridan St', 'address2': '', 'address3': '', 'city': 'Southwest Ranches', 'zip_code': '33332', 'country': 'US', 'state': 'FL', 'display_address': ['19801 Sheridan St', 'Southwest Ranches, FL 33332']}",26.0317012,-80.4155338
Miami,JW Marriott Miami Turnberry Resort & Spa,3.0,276,Resorts,"{'address1': '19999 West Country Club Drive', 'address2': '', 'address3': '', 'city': 'Aventura', 'zip_code': '33180', 'country': 'US', 'state': 'FL', 'display_address': ['19999 West Country Club Drive', 'Aventura, FL 33180']}",25.960177,-80.137729
Miami,Live Tattoo,2.5,17,Piercing,"{'address1': '6735 Coral Way', 'address2': '', 'address3': '', 'city': 'Miami', 'zip_code': '33155', 'country': 'US', 'state': 'FL', 'display_address': ['6735 Coral Way', 'Miami, FL 33155']}",25.7485957208054,-80.3045143839799
Miami,Flying with Air,3.0,2,Herbal Shops,"{'address1': '19501 Biscayne Blvd', 'address2': None, 'address3': '', 'city': 'Aventura', 'zip_code': '33180', 'country': 'US', 'state': 'FL', 'display_address': ['19501 Biscayne Blvd', 'Aventura, FL 33180']}",25.95637,-80.14637
Miami,The 9th Chakra,2.0,30,"Books, Mags, Music & Video","{'address1': '1621 Alton Rd', 'address2': '', 'address3': '', 'city': 'Miami Beach', 'zip_code': '33139', 'country': 'US', 'state': 'FL', 'display_address': ['1621 Alton Rd', 'Miami Beach, FL 33139']}",25.78972,-80.1410451
Miami,Get Tanked South Florida,5.0,9,Snorkeling,"{'address1': '', 'address2': None, 'address3': '', 'city': 'Miami', 'zip_code': '33187', 'country': 'US', 'state': 'FL', 'display_address': ['Miami, FL 33187']}",25.5994424,-80.4660256
Miami,Citycarts,5.0,10,Golf Cart Rentals,"{'address1': '429 Lenox Ave', 'address2': '', 'address3': '', 'city': 'Miami Beach', 'zip_code': '33139', 'country': 'US', 'state': 'FL', 'display_address': ['429 Lenox Ave', 'Miami Beach, FL 33139']}",25.7738091,-80.1392789
Miami,Paddleboard Miami - TKS MIAMI,5.0,6,Kiteboarding,"{'address1': '1784 West Ave', 'address2': '', 'address3': 'Bay 6 & 7', 'city': 'Miami Beach', 'zip_code': '33139', 'country': 'US', 'state': 'FL', 'display_address': ['1784 West Ave', 'Bay 6 & 7', 'Miami Beach, FL 33139']}",25.7934493980566,-80.1427498635712
Miami,Mad Monkey Events,5.0,6,Party Characters,"{'address1': '3152 W Pembroke Rd', 'address2': '', 'address3': '', 'city': 'Hallandale', 'zip_code': '33009', 'country': 'US', 'state': 'FL', 'display_address': ['3152 W Pembroke Rd', 'Hallandale, FL 33009']}",25.99571,-80.17031
Miami,Weekend PE,5.0,5,Bubble Soccer,"{'address1': '15000 SW 92nd Ave', 'address2': '', 'address3': '', 'city': 'Miami', 'zip_code': '33176', 'country': 'US', 'state': 'FL', 'display_address': ['15000 SW 92nd Ave', 'Miami, FL 33176']}",25.731131789460512,-80.32500446115444
Miami,Game Rollers,5.0,5,Bubble Soccer,"{'address1': None, 'address2': None, 'address3': '', 'city': 'Miramar', 'zip_code': '33027', 'country': 'US', 'state': 'FL', 'display_address': ['Miramar, FL 33027']}",26.00021,-80.32356
Miami,South Florida Kiteboarding,5.0,12,Kiteboarding,"{'address1': '3301 Rickenbacker Cswy', 'address2': '', 'address3': '', 'city': 'Miami', 'zip_code': '33149', 'country': 'US', 'state': 'FL', 'display_address': ['3301 Rickenbacker Cswy', 'Miami, FL 33149']}",25.74673,-80.1759
Miami,Island Water Sports Surf Shop,5.0,36,Skate Shops,"{'address1': '16231 Biscayne Blvd', 'address2': '', 'address3': '', 'city': 'North Miami Beach', 'zip_code': '33160', 'country': 'US', 'state': 'FL', 'display_address': ['16231 Biscayne Blvd', 'North Miami Beach, FL 33160']}",25.925679,-80.1534024
Miami,2nd Street Surf Shop,5.0,14,Skate Shops,"{'address1': '3159 E Atlantic Blvd', 'address2': None, 'address3': None, 'city': 'Pompano Beach', 'zip_code': '33062', 'country': 'US', 'state': 'FL', 'display_address': ['3159 E Atlantic Blvd', 'Pompano Beach, FL 33062']}",26.232261432759405,-80.09283569322976
Miami,Biscayne National Park Institute,5.0,229,Snorkeling,"{'address1': '9700 SW 328th St', 'address2': None, 'address3': '', 'city': 'Homestead', 'zip_code': '33035', 'country': 'US', 'state': 'FL', 'display_address': ['9700 SW 328th St', 'Homestead, FL 33035']}",25.4643999192436,-80.3347023361572
Miami,Hirooka Surf and Sport,5.0,16,Kiteboarding,"{'address1': '40 Island Ave', 'address2': '', 'address3': '', 'city': 'Miami', 'zip_code': '33139', 'country': 'US', 'state': 'FL', 'display_address': ['40 Island Ave', 'Miami, FL 33139']}",25.79205,-80.14814
Miami,SoBe Surf,5.0,21,Surf Schools,"{'address1': '', 'address2': '', 'address3': '', 'city': 'Miami Beach', 'zip_code': '33139', 'country': 'US', 'state': 'FL', 'display_address': ['Miami Beach, FL 33139']}",25.7665011351145,-80.1309526972228
Miami,Miami Beach Scooter,4.5,63,Motorcycle Dealers,"{'address1': '213 6th St', 'address2': None, 'address3': None, 'city': 'Miami Beach', 'zip_code': '33139', 'country': 'US', 'state': 'FL', 'display_address': ['213 6th St', 'Miami Beach, FL 33139']}",25.7756594,-80.1330848
Miami,Miami Beach Scooter,4.5,63,Scooter Rentals,"{'address1': '213 6th St', 'address2': None, 'address3': None, 'city': 'Miami Beach', 'zip_code': '33139', 'country': 'US', 'state': 'FL', 'display_address': ['213 6th St', 'Miami Beach, FL 33139']}",25.7756594,-80.1330848
Miami,Zenfinity Massage and Wellness,4.5,34,Eyelash Service,"{'address1': '3580 Mystic Pointe Dr', 'address2': '', 'address3': '', 'city': 'Aventura', 'zip_code': '33180', 'country': 'US', 'state': 'FL', 'display_address': ['3580 Mystic Pointe Dr', 'Aventura, FL 33180']}",25.9534534,-80.12848485137431
Miami,Hollywood Parasail,4.5,12,Parasailing,"{'address1': '2501 N Broadwalk', 'address2': None, 'address3': '', 'city': 'Hollywood', 'zip_code': '33019', 'country': 'US', 'state': 'FL', 'display_address': ['2501 N Broadwalk', 'Hollywood, FL 33019']}",26.0271946,-80.1154502
Miami,Grove Scuba,4.5,37,Diving,"{'address1': '2809 SW 27th Ave', 'address2': '', 'address3': '', 'city': 'Miami', 'zip_code': '33133', 'country': 'US', 'state': 'FL', 'display_address': ['2809 SW 27th Ave', 'Miami, FL 33133']}",25.7386087,-80.2376292
Miami,South Beach Parasail,4.5,88,Parasailing,"{'address1': '1601 Collins Ave', 'address2': '', 'address3': '', 'city': 'Miami Beach', 'zip_code': '33139', 'country': 'US', 'state': 'FL', 'display_address': ['1601 Collins Ave', 'Miami Beach, FL 33139']}",25.7897340682315,-80.1270415371615
Miami,Divers Paradise Key Biscayne,4.5,61,Snorkeling,"{'address1': '4000 Crandon Blvd', 'address2': '', 'address3': '', 'city': 'Key Biscayne', 'zip_code': '33149', 'country': 'US', 'state': 'FL', 'display_address': ['4000 Crandon Blvd', 'Key Biscayne, FL 33149']}",25.7270274188746,-80.1559710502625
Miami,Waterway Adventures,4.5,14,Surf Schools,"{'address1': '1112 N Ocean Blvd', 'address2': '', 'address3': '', 'city': 'Hollywood', 'zip_code': '33019', 'country': 'US', 'state': 'FL', 'display_address': ['1112 N Ocean Blvd', 'Hollywood, FL 33019']}",26.019546249717788,-80.11724644475787
Miami,Skydive Miami,4.5,65,Skydiving,"{'address1': '28730 SW 217th Ave', 'address2': '', 'address3': '', 'city': 'Homestead', 'zip_code': '33030', 'country': 'US', 'state': 'FL', 'display_address': ['28730 SW 217th Ave', 'Homestead, FL 33030']}",25.50162,-80.548632
Miami,Adventure Sports Kitesurfing School,4.5,15,Kiteboarding,"{'address1': '9610 Old Cutler Rd', 'address2': None, 'address3': '', 'city': 'Miami', 'zip_code': '33156', 'country': 'US', 'state': 'FL', 'display_address': ['9610 Old Cutler Rd', 'Miami, FL 33156']}",25.6800669705481,-80.2566585078125
Miami,Sea Rocket So Flo Parasail,4.5,15,Parasailing,"{'address1': '801 Seabreeze Blvd', 'address2': 'Slip I-939', 'address3': '', 'city': 'Fort Lauderdale', 'zip_code': '33316', 'country': 'US', 'state': 'FL', 'display_address': ['801 Seabreeze Blvd', 'Slip I-939', 'Fort Lauderdale, FL 33316']}",26.112423234054774,-80.10591678506086
Miami,Redland Koi & Pond,4.5,20,Local Fish Stores,"{'address1': '25600 SW 147th Ave', 'address2': None, 'address3': '', 'city': 'Homestead', 'zip_code': '33032', 'country': 'US', 'state': 'FL', 'display_address': ['25600 SW 147th Ave', 'Homestead, FL 33032']}",25.528846427126844,-80.42930530000001
Miami,Jet Ski King,5.0,3,Beach Equipment Rentals,"{'address1': '16701 Collins Ave', 'address2': None, 'address3': '', 'city': 'Sunny Isles Beach', 'zip_code': '33160', 'country': 'US', 'state': 'FL', 'display_address': ['16701 Collins Ave', 'Sunny Isles Beach, FL 33160']}",25.93077,-80.12118
Miami,Fort Lauderdale Paddle Sports,5.0,3,Snorkeling,"{'address1': '4326 Bougainvilla Dr', 'address2': '', 'address3': '', 'city': 'Lauderdale by the Sea', 'zip_code': '33308', 'country': 'US', 'state': 'FL', 'display_address': ['4326 Bougainvilla Dr', 'Lauderdale by the Sea, FL 33308']}",26.188869,-80.09717
Miami,Key Largo Water Fun,5.0,3,Snorkeling,"{'address1': '112 La Paloma Rd', 'address2': None, 'address3': '', 'city': 'Key Largo', 'zip_code': '33037', 'country': 'US', 'state': 'FL', 'display_address': ['112 La Paloma Rd', 'Key Largo, FL 33037']}",25.115373019798152,-80.411996
Miami,KB Events,5.0,3,Bubble Soccer,"{'address1': '14271 SW 120th St', 'address2': 'Ste 108', 'address3': '', 'city': 'Miami', 'zip_code': '33186', 'country': 'US', 'state': 'FL', 'display_address': ['14271 SW 120th St', 'Ste 108', 'Miami, FL 33186']}",25.656981,-80.4257366
Miami,Deco Divers,4.5,17,Snorkeling,"{'address1': '300 Alton Rd', 'address2': '', 'address3': None, 'city': 'Miami Beach', 'zip_code': '33139', 'country': 'US', 'state': 'FL', 'display_address': ['300 Alton Rd', 'Miami Beach, FL 33139']}",25.7710686053083,-80.1393486027552
Miami,Scooters2U,4.5,30,Scooter Rentals,"{'address1': '333 W 41st St', 'address2': 'Ste 722', 'address3': '', 'city': 'Miami Beach', 'zip_code': '33140', 'country': 'US', 'state': 'FL', 'display_address': ['333 W 41st St', 'Ste 722', 'Miami Beach, FL 33140']}",25.814058,-80.127225
Miami,High Impact Watersports,4.5,21,Flyboarding,"{'address1': '', 'address2': None, 'address3': None, 'city': 'Miami', 'zip_code': '33132', 'country': 'US', 'state': 'FL', 'display_address': ['Miami, FL 33132']}",25.78119,-80.19068
Miami,Strictly Fish,4.5,21,Aquarium Services,"{'address1': '8373 SW 40th St', 'address2': '', 'address3': '', 'city': 'Miami', 'zip_code': '33155', 'country': 'US', 'state': 'FL', 'display_address': ['8373 SW 40th St', 'Miami, FL 33155']}",25.73331,-80.331164
Miami,Strictly Fish,4.5,21,Local Fish Stores,"{'address1': '8373 SW 40th St', 'address2': '', 'address3': '', 'city': 'Miami', 'zip_code': '33155', 'country': 'US', 'state': 'FL', 'display_address': ['8373 SW 40th St', 'Miami, FL 33155']}",25.73331,-80.331164
Miami,Miami Beach Flyboard and Jet Ski Rentals,4.5,37,Flyboarding,"{'address1': '1275 NE 79th St', 'address2': None, 'address3': '', 'city': 'Miami', 'zip_code': '33138', 'country': 'US', 'state': 'FL', 'display_address': ['1275 NE 79th St', 'Miami, FL 33138']}",25.849661118361727,-80.1671277
Miami,SuperFlight,4.5,8,Skydiving,"{'address1': '1111 Parrot Jungle Trl', 'address2': None, 'address3': '', 'city': 'Miami', 'zip_code': '33132', 'country': 'US', 'state': 'FL', 'display_address': ['1111 Parrot Jungle Trl', 'Miami, FL 33132']}",25.777824531434096,-80.18695538848212
Miami,Ace Diving,4.5,6,Snorkeling,"{'address1': '401 Biscayne Blvd', 'address2': 'Pier 5 Slip 33', 'address3': '', 'city': 'Miami', 'zip_code': '33132', 'country': 'US', 'state': 'FL', 'display_address': ['401 Biscayne Blvd', 'Pier 5 Slip 33', 'Miami, FL 33132']}",25.77914,-80.1868
Miami,Tigertail Lake Recreational Center,4.5,23,Water Parks,"{'address1': '580 Gulf Stream Way', 'address2': '', 'address3': '', 'city': 'Dania Beach', 'zip_code': '33004', 'country': 'US', 'state': 'FL', 'display_address': ['580 Gulf Stream Way', 'Dania Beach, FL 33004']}",26.0602098708199,-80.1666847988963
Miami,Island Adventures,5.0,2,Snorkeling,"{'address1': '', 'address2': None, 'address3': '', 'city': 'Islamorada', 'zip_code': '33036', 'country': 'US', 'state': 'FL', 'display_address': ['Islamorada, FL 33036']}",24.91583,-80.63754
Miami,Blu Bros Yachts and Charters,5.0,2,Boat Dealers,"{'address1': '13499 Biscayne Blvd', 'address2': 'Ste CU106, Unit E', 'address3': '', 'city': 'Miami', 'zip_code': '33181', 'country': 'US', 'state': 'FL', 'display_address': ['13499 Biscayne Blvd', 'Ste CU106, Unit E', 'Miami, FL 33181']}",25.899615,-80.159693
Miami,Lollipops & Gumdrops Children's Spa,5.0,2,Nail Salons,"{'address1': '1119 NW 3rd Ave', 'address2': None, 'address3': '', 'city': 'Miami', 'zip_code': '33136', 'country': 'US', 'state': 'FL', 'display_address': ['1119 NW 3rd Ave', 'Miami, FL 33136']}",25.7851111,-80.1995969
Miami,Miami Yacht Access,5.0,2,Boat Dealers,"{'address1': '900 Biscayne Blvd', 'address2': 'Ste 1202B', 'address3': '', 'city': 'Miami', 'zip_code': '33132', 'country': 'US', 'state': 'FL', 'display_address': ['900 Biscayne Blvd', 'Ste 1202B', 'Miami, FL 33132']}",25.78363,-80.18991
Miami,Tarpoon Lagoon Dive Center,4.0,64,Snorkeling,"{'address1': '300 Alton Rd', 'address2': 'Ste 110', 'address3': '', 'city': 'Miami Beach', 'zip_code': '33139', 'country': 'US', 'state': 'FL', 'display_address': ['300 Alton Rd', 'Ste 110', 'Miami Beach, FL 33139']}",25.771822653008183,-80.13998776012036
Miami,Miami Skydiving Center,4.0,174,Skydiving,"{'address1': '14300 SW 129th St', 'address2': 'Ste 201', 'address3': '', 'city': 'Miami', 'zip_code': '33186', 'country': 'US', 'state': 'FL', 'display_address': ['14300 SW 129th St', 'Ste 201', 'Miami, FL 33186']}",25.6465591,-80.426524
Miami,Beach Scooter Rental and Sales,4.0,109,Motorcycle Dealers,"{'address1': '1743 Bay Rd', 'address2': None, 'address3': None, 'city': 'Miami Beach', 'zip_code': '33139', 'country': 'US', 'state': 'FL', 'display_address': ['1743 Bay Rd', 'Miami Beach, FL 33139']}",25.7928286,-80.1433469
Miami,Beach Scooter Rental and Sales,4.0,109,Scooter Rentals,"{'address1': '1743 Bay Rd', 'address2': None, 'address3': None, 'city': 'Miami Beach', 'zip_code': '33139', 'country': 'US', 'state': 'FL', 'display_address': ['1743 Bay Rd', 'Miami Beach, FL 33139']}",25.7928286,-80.1433469
Miami,AquaJet Miami,4.0,18,Flyboarding,"{'address1': '1717 N Bayshore Dr', 'address2': 'Ste 134', 'address3': '', 'city': 'Miami', 'zip_code': '33132', 'country': 'US', 'state': 'FL', 'display_address': ['1717 N Bayshore Dr', 'Ste 134', 'Miami, FL 33132']}",25.79155,-80.18694
Miami,Sea Experience,4.0,148,Snorkeling,"{'address1': '801 Seabreeze Blvd', 'address2': '', 'address3': '', 'city': 'Fort Lauderdale', 'zip_code': '33316', 'country': 'US', 'state': 'FL', 'display_address': ['801 Seabreeze Blvd', 'Fort Lauderdale, FL 33316']}",26.113554148075824,-80.10611722917366
Miami,"MB Scooter ,Paddleboard & kayak Rentals",4.0,32,Scooter Rentals,"{'address1': '1416 18th St', 'address2': None, 'address3': '', 'city': 'Miami Beach', 'zip_code': '33139', 'country': 'US', 'state': 'FL', 'display_address': ['1416 18th St', 'Miami Beach, FL 33139']}",25.79339683,-80.14403683
Miami,iFLY Indoor Skydiving - Fort Lauderdale,4.0,115,Skydiving,"{'address1': '11690 West State Road 84', 'address2': '', 'address3': None, 'city': 'Davie', 'zip_code': '33325', 'country': 'US', 'state': 'FL', 'display_address': ['11690 West State Road 84', 'Davie, FL 33325']}",26.1117873,-80.3048474
Miami,Fly'n Bye Motorsports,5.0,1,Scooter Rentals,"{'address1': None, 'address2': None, 'address3': None, 'city': 'Miami', 'zip_code': '33131', 'country': 'US', 'state': 'FL', 'display_address': ['Miami, FL 33131']}",25.76599,-80.19064
Miami,Theodoli Marine Group,5.0,1,Boat Dealers,"{'address1': '1510 Bay Rd', 'address2': None, 'address3': '', 'city': 'Miami Beach', 'zip_code': '33139', 'country': 'US', 'state': 'FL', 'display_address': ['1510 Bay Rd', 'Miami Beach, FL 33139']}",25.7872335,-80.1435155
Miami,Modern Rentals,5.0,1,Scooter Rentals,"{'address1': '611 NE 5th St', 'address2': 'Ste 2', 'address3': '', 'city': 'Hallandale Beach', 'zip_code': '33009', 'country': 'US', 'state': 'FL', 'display_address': ['611 NE 5th St', 'Ste 2', 'Hallandale Beach, FL 33009']}",25.98019297988359,-80.14604075470719
Miami,Modern Rentals,5.0,1,Vacation Rentals,"{'address1': '611 NE 5th St', 'address2': 'Ste 2', 'address3': '', 'city': 'Hallandale Beach', 'zip_code': '33009', 'country': 'US', 'state': 'FL', 'display_address': ['611 NE 5th St', 'Ste 2', 'Hallandale Beach, FL 33009']}",25.98019297988359,-80.14604075470719
Miami,Affordable ATV's Worldwide,5.0,1,Motorcycle Dealers,"{'address1': None, 'address2': None, 'address3': None, 'city': 'North Miami Beach', 'zip_code': '33162', 'country': 'US', 'state': 'FL', 'display_address': ['North Miami Beach, FL 33162']}",25.92994,-80.18435
Miami,Sobe Tours and Transportation,5.0,1,Scooter Rentals,"{'address1': '524 Washington Ave', 'address2': '#101', 'address3': None, 'city': 'Miami', 'zip_code': '33139', 'country': 'US', 'state': 'FL', 'display_address': ['524 Washington Ave', '#101', 'Miami, FL 33139']}",25.77513,-80.134203
Miami,Florida Jet Skii,5.0,1,Beach Equipment Rentals,"{'address1': '1050 MacArthur Cswy', 'address2': None, 'address3': '', 'city': 'Miami', 'zip_code': '33132', 'country': 'US', 'state': 'FL', 'display_address': ['1050 MacArthur Cswy', 'Miami, FL 33132']}",25.784534198126227,-80.1747803
Miami,Beach Buddies,5.0,1,Parasailing,"{'address1': None, 'address2': None, 'address3': '', 'city': 'Hollywood', 'zip_code': '33019', 'country': 'US', 'state': 'FL', 'display_address': ['Hollywood, FL 33019']}",26.0099716186523,-80.1166305541992
Miami,Fly Key Largo - Keys Parasail,5.0,1,Parasailing,"{'address1': '103800 Overseas Hwy', 'address2': None, 'address3': '', 'city': 'Key Largo', 'zip_code': '33037', 'country': 'US', 'state': 'FL', 'display_address': ['103800 Overseas Hwy', 'Key Largo, FL 33037']}",25.14158,-80.40018
Miami,Beach Front Rentals Miami,5.0,1,Golf Cart Rentals,"{'address1': '1659 James Ave', 'address2': None, 'address3': '', 'city': 'Miami Beach', 'zip_code': '33139', 'country': 'US', 'state': 'FL', 'display_address': ['1659 James Ave', 'Miami Beach, FL 33139']}",25.79107,-80.13052
Miami,BouYah Watersports - Miami Beach Marina,4.0,9,Parasailing,"{'address1': '300 Alton Rd', 'address2': 'Pier A', 'address3': None, 'city': 'Miami Beach', 'zip_code': '33139', 'country': 'US', 'state': 'FL', 'display_address': ['300 Alton Rd', 'Pier A', 'Miami Beach, FL 33139']}",25.781942,-80.142324
Miami,AJF Aquatics,5.0,1,Local Fish Stores,"{'address1': '', 'address2': None, 'address3': '', 'city': 'Miami', 'zip_code': '33173', 'country': 'US', 'state': 'FL', 'display_address': ['Miami, FL 33173']}",25.702187549250556,-80.35717117017352
Miami,AJF Aquatics,5.0,1,Aquarium Services,"{'address1': '', 'address2': None, 'address3': '', 'city': 'Miami', 'zip_code': '33173', 'country': 'US', 'state': 'FL', 'display_address': ['Miami, FL 33173']}",25.702187549250556,-80.35717117017352
Miami,Star Jetski,5.0,1,Parasailing,"{'address1': '1275 NE 79th St', 'address2': None, 'address3': '', 'city': 'Miami', 'zip_code': '33138', 'country': 'US', 'state': 'FL', 'display_address': ['1275 NE 79th St', 'Miami, FL 33138']}",25.84964903270102,-80.16712794299289
Miami,miami kitesurfing lessons,5.0,1,Kiteboarding,"{'address1': '1780 Purdy Ave', 'address2': '', 'address3': None, 'city': 'Miami Beach', 'zip_code': '33139', 'country': 'US', 'state': 'FL', 'display_address': ['1780 Purdy Ave', 'Miami Beach, FL 33139']}",25.792355,-80.144413
Miami,Ride Away Sobe Scooters,5.0,1,Scooter Rentals,"{'address1': None, 'address2': None, 'address3': '', 'city': 'Miami Beach', 'zip_code': '33139', 'country': 'US', 'state': 'FL', 'display_address': ['Miami Beach, FL 33139']}",25.78521087397204,-80.14923437819245
Miami,Keys Adventures Watersports,4.0,10,Parasailing,"{'address1': '104000 Overseas Hwy', 'address2': None, 'address3': 'Big Chill Restaurant', 'city': 'Key Largo', 'zip_code': '33037', 'country': 'US', 'state': 'FL', 'display_address': ['104000 Overseas Hwy', 'Big Chill Restaurant', 'Key Largo, FL 33037']}",25.1441232,-80.3977347
Miami,Paradise Cove Water Park,4.0,31,Water Parks,"{'address1': '900 N Flamingo Rd', 'address2': '', 'address3': None, 'city': 'Pembroke Pines', 'zip_code': '33028', 'country': 'US', 'state': 'FL', 'display_address': ['900 N Flamingo Rd', 'Pembroke Pines, FL 33028']}",26.011815,-80.313943
Miami,Exotic Aquariums,4.0,45,Local Fish Stores,"{'address1': '7399 Bird Rd', 'address2': '', 'address3': '', 'city': 'Miami', 'zip_code': '33155', 'country': 'US', 'state': 'FL', 'display_address': ['7399 Bird Rd', 'Miami, FL 33155']}",25.7332648,-80.3150046
Miami,The Advantaged Yacht Charters & Sales,4.0,7,Vacation Rentals,"{'address1': '1800 Purdy Ave', 'address2': 'Ste 3', 'address3': '', 'city': 'Miami Beach', 'zip_code': '33139', 'country': 'US', 'state': 'FL', 'display_address': ['1800 Purdy Ave', 'Ste 3', 'Miami Beach, FL 33139']}",25.79439,-80.14479
Miami,Miami Watersports Complex,4.0,34,Water Parks,"{'address1': '401 E 65 St', 'address2': '', 'address3': '', 'city': 'Hialeah', 'zip_code': '33013', 'country': 'US', 'state': 'FL', 'display_address': ['401 E 65 St', 'Hialeah, FL 33013']}",25.886863458731792,-80.27790827710844
Miami,Sole Watersports,4.0,28,Snorkeling,"{'address1': '61 Hawks Cay Blvd', 'address2': None, 'address3': None, 'city': 'Duck Key', 'zip_code': '33050', 'country': 'US', 'state': 'FL', 'display_address': ['61 Hawks Cay Blvd', 'Duck Key, FL 33050']}",24.7770628,-80.9132226
Miami,Fort Lauderdale Parasail,4.0,27,Parasailing,"{'address1': '1005 Seabreeze Blvd', 'address2': None, 'address3': '', 'city': 'Fort Lauderdale', 'zip_code': '33316', 'country': 'US', 'state': 'FL', 'display_address': ['1005 Seabreeze Blvd', 'Fort Lauderdale, FL 33316']}",26.111066419476074,-80.10606184352123
Miami,Big Al's Gun Range and Pawn Shop,4.0,77,Pawn Shops,"{'address1': '3300 Hallandale Beach Blvd', 'address2': '', 'address3': '', 'city': 'Pembroke Park', 'zip_code': '33023', 'country': 'US', 'state': 'FL', 'display_address': ['3300 Hallandale Beach Blvd', 'Pembroke Park, FL 33023']}",25.9843353,-80.1765374
Miami,BJM Jetski Rentals,4.0,20,Flyboarding,"{'address1': None, 'address2': None, 'address3': '', 'city': 'Miami ', 'zip_code': '33138', 'country': 'US', 'state': 'FL', 'display_address': ['Miami , FL 33138']}",25.853954641198357,-80.17842494237686
Miami,Miami Bay Tours,4.5,2,Diving,"{'address1': 'Watson Island', 'address2': None, 'address3': '', 'city': 'Miami', 'zip_code': '33165', 'country': 'US', 'state': 'FL', 'display_address': ['Watson Island', 'Miami, FL 33165']}",25.733768,-80.354562
Miami,BouYah Watersports - Loews Miami Beach Hotel,4.0,4,Parasailing,"{'address1': '1601 Collins Ave', 'address2': None, 'address3': None, 'city': 'Miami Beach', 'zip_code': '33139', 'country': 'US', 'state': 'FL', 'display_address': ['1601 Collins Ave', 'Miami Beach, FL 33139']}",25.789487,-80.129213
Miami,Bluepoint SUP,4.0,4,Beach Equipment Rentals,"{'address1': '', 'address2': None, 'address3': '', 'city': 'Key Biscayne', 'zip_code': '33149', 'country': 'US', 'state': 'FL', 'display_address': ['Key Biscayne, FL 33149']}",25.693244934082,-80.1619186401367
Miami,McDonald Water Park,4.0,9,Water Parks,"{'address1': '7505 W 12th Ave', 'address2': '', 'address3': '', 'city': 'Hialeah', 'zip_code': '33014', 'country': 'US', 'state': 'FL', 'display_address': ['7505 W 12th Ave', 'Hialeah, FL 33014']}",25.890993,-80.306348
Miami,Tidal Cove,3.5,68,Water Parks,"{'address1': '19999 West Country Club Dr', 'address2': None, 'address3': '', 'city': 'Aventura', 'zip_code': '33180', 'country': 'US', 'state': 'FL', 'display_address': ['19999 West Country Club Dr', 'Aventura, FL 33180']}",25.961367905098253,-80.13858842872942
Miami,Doctor Jet Ski - Ft Lauderdale,3.5,57,Beach Equipment Rentals,"{'address1': '4060 Galt Ocean Dr', 'address2': None, 'address3': None, 'city': 'Ft Lauderdale', 'zip_code': '33308', 'country': 'US', 'state': 'FL', 'display_address': ['4060 Galt Ocean Dr', 'Ft Lauderdale, FL 33308']}",26.1783224397261,-80.0963317159767
Miami,Miami Exotic Auto Racing,3.5,27,Racing Experience,"{'address1': '1 Speedway Blvd', 'address2': '', 'address3': '', 'city': 'Miami', 'zip_code': '33035', 'country': 'US', 'state': 'FL', 'display_address': ['1 Speedway Blvd', 'Miami, FL 33035']}",25.4537636,-80.410153
Miami,Above the Rest Pools,3.5,11,Hot Tub & Pool,"{'address1': '1063 NE 43rd St', 'address2': None, 'address3': None, 'city': 'Oakland Park', 'zip_code': '33334', 'country': 'US', 'state': 'FL', 'display_address': ['1063 NE 43rd St', 'Oakland Park, FL 33334']}",26.1797994,-80.1333009
Miami,Aqua Flight,3.5,16,Flyboarding,"{'address1': '2301 SE 17th St', 'address2': None, 'address3': '', 'city': 'Fort Lauderdale', 'zip_code': '33316', 'country': 'US', 'state': 'FL', 'display_address': ['2301 SE 17th St', 'Fort Lauderdale, FL 33316']}",26.10144294307658,-80.1155111259474
Miami,Freehand Miami,3.5,168,Hostels,"{'address1': '2727 Indian Creek Dr', 'address2': '', 'address3': '', 'city': 'Miami Beach', 'zip_code': '33140', 'country': 'US', 'state': 'FL', 'display_address': ['2727 Indian Creek Dr', 'Miami Beach, FL 33140']}",25.8045913232419,-80.1264566619793
Miami,BouYah Watersports - Marriott Harbor Beach,3.5,5,Parasailing,"{'address1': '3030 Holiday Dr', 'address2': None, 'address3': None, 'city': 'Fort Lauderdale', 'zip_code': '33316', 'country': 'US', 'state': 'FL', 'display_address': ['3030 Holiday Dr', 'Fort Lauderdale, FL 33316']}",26.106802,-80.105906
Miami,Scooters South Beach,3.5,33,Motorcycle Dealers,"{'address1': '1520 Collins Ave', 'address2': '', 'address3': '', 'city': 'Miami Beach', 'zip_code': '33139', 'country': 'US', 'state': 'FL', 'display_address': ['1520 Collins Ave', 'Miami Beach, FL 33139']}",25.788043,-80.130568
Miami,Scooters South Beach,3.5,33,Scooter Rentals,"{'address1': '1520 Collins Ave', 'address2': '', 'address3': '', 'city': 'Miami Beach', 'zip_code': '33139', 'country': 'US', 'state': 'FL', 'display_address': ['1520 Collins Ave', 'Miami Beach, FL 33139']}",25.788043,-80.130568
Miami,Esteban's Place,3.5,9,Beach Equipment Rentals,"{'address1': '8180 NW 36th St', 'address2': 'Unit 100Q', 'address3': None, 'city': 'Doral', 'zip_code': '33166', 'country': 'US', 'state': 'FL', 'display_address': ['8180 NW 36th St', 'Unit 100Q', 'Doral, FL 33166']}",25.809172446969107,-80.32879640597227
Miami,Heed Beach,3.5,6,Beach Equipment Rentals,"{'address1': '111 S Surf Rd', 'address2': None, 'address3': '', 'city': 'Hallandale Beach', 'zip_code': '33009', 'country': 'US', 'state': 'FL', 'display_address': ['111 S Surf Rd', 'Hallandale Beach, FL 33009']}",25.98648,-80.117847
Miami,Miami Watersports,3.5,211,Parasailing,"{'address1': '3400 Pan American Dr', 'address2': None, 'address3': 'Pier 9', 'city': 'Miami', 'zip_code': '33133', 'country': 'US', 'state': 'FL', 'display_address': ['3400 Pan American Dr', 'Pier 9', 'Miami, FL 33133']}",25.7265480967799,-80.2362573544922
Miami,Miami Airsoft,3.0,35,Airsoft,"{'address1': '7810 NW 98th St', 'address2': None, 'address3': '', 'city': 'Miami Lakes', 'zip_code': '33016', 'country': 'US', 'state': 'FL', 'display_address': ['7810 NW 98th St', 'Miami Lakes, FL 33016']}",25.86205,-80.32483
Miami,Boucher Brothers,3.0,197,Beach Equipment Rentals,"{'address1': '1451 Ocean Dr', 'address2': 'Ste 205', 'address3': '', 'city': 'Miami Beach', 'zip_code': '33139', 'country': 'US', 'state': 'FL', 'display_address': ['1451 Ocean Dr', 'Ste 205', 'Miami Beach, FL 33139']}",25.78718,-80.12928
Miami,BouYah Watersports - Lummus Park,3.0,6,Parasailing,"{'address1': '9TH Street Ocean Dr', 'address2': None, 'address3': None, 'city': 'Miami Beach', 'zip_code': '33139', 'country': 'US', 'state': 'FL', 'display_address': ['9TH Street Ocean Dr', 'Miami Beach, FL 33139']}",25.7822012,-80.1304423
Miami,TKS Miami - Key Biscayne,3.5,3,Kiteboarding,"{'address1': '260 Crandon Blvd', 'address2': 'Unit 33', 'address3': '', 'city': 'Key Biscayne', 'zip_code': '33149', 'country': 'US', 'state': 'FL', 'display_address': ['260 Crandon Blvd', 'Unit 33', 'Key Biscayne, FL 33149']}",25.69587,-80.16316
Miami,BouYah Watersports - Fontainebleau Miami Beach,3.5,3,Parasailing,"{'address1': None, 'address2': None, 'address3': None, 'city': 'Miami Beach', 'zip_code': '33140', 'country': 'US', 'state': 'FL', 'display_address': ['Miami Beach, FL 33140']}",25.817063,-80.1222051
Miami,Bucky Dent Water Park,3.5,4,Water Parks,"{'address1': '2240 W 60th St', 'address2': '', 'address3': '', 'city': 'Hialeah', 'zip_code': '33016', 'country': 'US', 'state': 'FL', 'display_address': ['2240 W 60th St', 'Hialeah, FL 33016']}",25.8770101,-80.3274682
Miami,26 North Yachts,4.0,1,Boat Dealers,"{'address1': '2525 Marina Bay Dr W', 'address2': None, 'address3': '', 'city': 'Fort Lauderdale', 'zip_code': '33312', 'country': 'US', 'state': 'FL', 'display_address': ['2525 Marina Bay Dr W', 'Fort Lauderdale, FL 33312']}",26.09059,-80.17088
Miami,BouYah Watersports - Hollywood Beach Marriott,3.0,14,Parasailing,"{'address1': '2501 N Ocean Dr', 'address2': '', 'address3': None, 'city': 'Hollywood', 'zip_code': '33019', 'country': 'US', 'state': 'FL', 'display_address': ['2501 N Ocean Dr', 'Hollywood, FL 33019']}",26.027357202603536,-80.11518254668508
Miami,On the Beach Water Sports,3.0,38,Beach Equipment Rentals,"{'address1': '1110 S Ocean Blvd', 'address2': '', 'address3': '', 'city': 'Pompano Beach', 'zip_code': '33062', 'country': 'US', 'state': 'FL', 'display_address': ['1110 S Ocean Blvd', 'Pompano Beach, FL 33062']}",26.223292827688226,-80.0905633411044
Miami,Miami Kiteboarding,3.0,15,Kiteboarding,"{'address1': '6767 Crandon Blvd', 'address2': '', 'address3': '', 'city': 'Key Biscayne', 'zip_code': '33149', 'country': 'US', 'state': 'FL', 'display_address': ['6767 Crandon Blvd', 'Key Biscayne, FL 33149']}",25.715574,-80.1513835
Miami,Boat Owners Warehouse,3.0,12,Boat Dealers,"{'address1': '311 SW 24th St', 'address2': None, 'address3': '', 'city': 'Fort Lauderdale', 'zip_code': '33315', 'country': 'US', 'state': 'FL', 'display_address': ['311 SW 24th St', 'Fort Lauderdale, FL 33315']}",26.093022,-80.145433
Miami,SoBe Jet Ski Rentals,2.5,13,Flyboarding,"{'address1': None, 'address2': None, 'address3': '', 'city': 'Miami', 'zip_code': '33132', 'country': 'US', 'state': 'FL', 'display_address': ['Miami, FL 33132']}",25.77786927267137,-80.1741100543821
Miami,Champagne Bar at The Surf Club,5.0,13,Champagne Bars,"{'address1': '9101 Collins Ave', 'address2': '', 'address3': None, 'city': 'Surfside', 'zip_code': '33154', 'country': 'US', 'state': 'FL', 'display_address': ['9101 Collins Ave', 'Surfside, FL 33154']}",25.87803,-80.12136
Miami,Tipsee chix mobile bar,5.0,2,Bartenders,"{'address1': None, 'address2': None, 'address3': '', 'city': 'Miami', 'zip_code': '33131', 'country': 'US', 'state': 'FL', 'display_address': ['Miami, FL 33131']}",25.763293444488582,-80.18467675416966
Miami,Sardinia Enoteca Ristorante,4.0,386,Sardinian,"{'address1': '1801 Purdy Ave', 'address2': '', 'address3': '', 'city': 'Miami Beach', 'zip_code': '33139', 'country': 'US', 'state': 'FL', 'display_address': ['1801 Purdy Ave', 'Miami Beach, FL 33139']}",25.79384,-80.14417
Miami,Selva Negra Restaurant,3.0,62,Nicaraguan,"{'address1': '2025 W Flagler St', 'address2': '', 'address3': '', 'city': 'Miami', 'zip_code': '33135', 'country': 'US', 'state': 'FL', 'display_address': ['2025 W Flagler St', 'Miami, FL 33135']}",25.7729644775391,-80.2287979125977
Miami,The Living Room - Faena Hotel Miami Beach,3.0,48,Champagne Bars,"{'address1': '3201 Collins Ave', 'address2': '', 'address3': '', 'city': 'Miami Beach', 'zip_code': '33139', 'country': 'US', 'state': 'FL', 'display_address': ['3201 Collins Ave', 'Miami Beach, FL 33139']}",25.807241391581,-80.124053962296
Miami,Tides Restaurant & Terrace,2.5,80,Moroccan,"{'address1': '1220 Ocean Dr', 'address2': '', 'address3': '', 'city': 'Miami Beach', 'zip_code': '33139', 'country': 'US', 'state': 'FL', 'display_address': ['1220 Ocean Dr', 'Miami Beach, FL 33139']}",25.783019810915,-80.1301460713148
Miami,The Shop Tattoo Studio,5.0,7,Piercing,"{'address1': '1988 W 60th St', 'address2': None, 'address3': '', 'city': 'Hialeah', 'zip_code': '33012', 'country': 'US', 'state': 'FL', 'display_address': ['1988 W 60th St', 'Hialeah, FL 33012']}",25.8763378,-80.3224482116394
Miami,ABRA Gallery,5.0,8,Art Consultants,"{'address1': '713 East Las Olas Blvd', 'address2': '', 'address3': '', 'city': 'Fort Lauderdale', 'zip_code': '33301', 'country': 'US', 'state': 'FL', 'display_address': ['713 East Las Olas Blvd', 'Fort Lauderdale, FL 33301']}",26.119515,-80.135902
Miami,Live Tables Entertainment & Catering,5.0,1,Wedding Chapels,"{'address1': '', 'address2': '', 'address3': '', 'city': 'Hollywood', 'zip_code': '33020', 'country': 'US', 'state': 'FL', 'display_address': ['Hollywood, FL 33020']}",26.0193004608154,-80.1523742675781
Miami,Bonded by Ink,5.0,1,Piercing,"{'address1': '111 S 21st Ave', 'address2': None, 'address3': '', 'city': 'Hollywood', 'zip_code': '33020', 'country': 'US', 'state': 'FL', 'display_address': ['111 S 21st Ave', 'Hollywood, FL 33020']}",26.01092,-80.148695
Miami,JW Marriott Miami Turnberry Resort & Spa,3.0,276,Resorts,"{'address1': '19999 West Country Club Drive', 'address2': '', 'address3': '', 'city': 'Aventura', 'zip_code': '33180', 'country': 'US', 'state': 'FL', 'display_address': ['19999 West Country Club Drive', 'Aventura, FL 33180']}",25.960177,-80.137729
Miami,Live Tattoo,2.5,17,Piercing,"{'address1': '6735 Coral Way', 'address2': '', 'address3': '', 'city': 'Miami', 'zip_code': '33155', 'country': 'US', 'state': 'FL', 'display_address': ['6735 Coral Way', 'Miami, FL 33155']}",25.7485957208054,-80.3045143839799
Miami,Flying with Air,3.0,2,Herbal Shops,"{'address1': '19501 Biscayne Blvd', 'address2': None, 'address3': '', 'city': 'Aventura', 'zip_code': '33180', 'country': 'US', 'state': 'FL', 'display_address': ['19501 Biscayne Blvd', 'Aventura, FL 33180']}",25.95637,-80.14637
Miami,The 9th Chakra,2.0,30,"Books, Mags, Music & Video","{'address1': '1621 Alton Rd', 'address2': '', 'address3': '', 'city': 'Miami Beach', 'zip_code': '33139', 'country': 'US', 'state': 'FL', 'display_address': ['1621 Alton Rd', 'Miami Beach, FL 33139']}",25.78972,-80.1410451
Miami,LUR,5.0,34,Basque,"{'address1': '1601 Drexel Ave', 'address2': None, 'address3': '', 'city': 'Miami Beach', 'zip_code': '33139', 'country': 'US', 'state': 'FL', 'display_address': ['1601 Drexel Ave', 'Miami Beach, FL 33139']}",25.7896592,-80.13296225403326
Miami,Fritanga Las Piedrecitas,4.5,37,Nicaraguan,"{'address1': '8230 NW 103rd St', 'address2': None, 'address3': '', 'city': 'Hialeah', 'zip_code': '33016', 'country': 'US', 'state': 'FL', 'display_address': ['8230 NW 103rd St', 'Hialeah, FL 33016']}",25.868633430640877,-80.33121502580647
Miami,Las Marias,4.5,13,Nicaraguan,"{'address1': '1831 SW 8th St', 'address2': '', 'address3': None, 'city': 'Miami', 'zip_code': '33135', 'country': 'US', 'state': 'FL', 'display_address': ['1831 SW 8th St', 'Miami, FL 33135']}",25.7658282132449,-80.22527307439
Miami,Fritanga Cana Brava,4.5,274,Nicaraguan,"{'address1': '2795 NW 7th St', 'address2': '', 'address3': '', 'city': 'Miami', 'zip_code': '33125', 'country': 'US', 'state': 'FL', 'display_address': ['2795 NW 7th St', 'Miami, FL 33125']}",25.77976,-80.24067
Miami,La Pulperia Nicaraguan Store & Cafe,4.5,18,Nicaraguan,"{'address1': '10780 W Flagler St', 'address2': '', 'address3': '', 'city': 'Miami', 'zip_code': '33172', 'country': 'US', 'state': 'FL', 'display_address': ['10780 W Flagler St', 'Miami, FL 33172']}",25.7683521509171,-80.3707683831453
Miami,Fritanga 505,4.5,48,Nicaraguan,"{'address1': '11030 W Flagler St', 'address2': '', 'address3': '', 'city': 'Miami', 'zip_code': '33174', 'country': 'US', 'state': 'FL', 'display_address': ['11030 W Flagler St', 'Miami, FL 33174']}",25.7681643,-80.3760077
Miami,Madrono Restaurant,4.5,360,Nicaraguan,"{'address1': '10780 W Flagler St', 'address2': 'Ste 17', 'address3': '', 'city': 'Miami', 'zip_code': '33174', 'country': 'US', 'state': 'FL', 'display_address': ['10780 W Flagler St', 'Ste 17', 'Miami, FL 33174']}",25.768097440097,-80.3704176858444
Miami,Nicaraguita's Tortillas & Fritanga,4.5,21,Nicaraguan,"{'address1': '10310 W Flagler St', 'address2': '', 'address3': '', 'city': 'Miami', 'zip_code': '33174', 'country': 'US', 'state': 'FL', 'display_address': ['10310 W Flagler St', 'Miami, FL 33174']}",25.76816,-80.36416
Miami,El Arroyito Cafe,4.5,16,Nicaraguan,"{'address1': '2307 W Flagler St', 'address2': '', 'address3': '', 'city': 'Miami', 'zip_code': '33135', 'country': 'US', 'state': 'FL', 'display_address': ['2307 W Flagler St', 'Miami, FL 33135']}",25.77268,-80.2332
Miami,Fritanga La Leonesa,4.0,23,Nicaraguan,"{'address1': '1 SW 12th Ave', 'address2': '', 'address3': '', 'city': 'Miami', 'zip_code': '33130', 'country': 'US', 'state': 'FL', 'display_address': ['1 SW 12th Ave', 'Miami, FL 33130']}",25.7731942229308,-80.214366740476
Miami,Tides Restaurant & Terrace,2.5,80,Moroccan,"{'address1': '1220 Ocean Dr', 'address2': '', 'address3': '', 'city': 'Miami Beach', 'zip_code': '33139', 'country': 'US', 'state': 'FL', 'display_address': ['1220 Ocean Dr', 'Miami Beach, FL 33139']}",25.783019810915,-80.1301460713148
Miami,Tides Restaurant & Terrace,2.5,80,Moroccan,"{'address1': '1220 Ocean Dr', 'address2': '', 'address3': '', 'city': 'Miami Beach', 'zip_code': '33139', 'country': 'US', 'state': 'FL', 'display_address': ['1220 Ocean Dr', 'Miami Beach, FL 33139']}",25.783019810915,-80.1301460713148
Miami,Tides Restaurant & Terrace,2.5,80,Moroccan,"{'address1': '1220 Ocean Dr', 'address2': '', 'address3': '', 'city': 'Miami Beach', 'zip_code': '33139', 'country': 'US', 'state': 'FL', 'display_address': ['1220 Ocean Dr', 'Miami Beach, FL 33139']}",25.783019810915,-80.1301460713148
Miami,Tides Restaurant & Terrace,2.5,80,Moroccan,"{'address1': '1220 Ocean Dr', 'address2': '', 'address3': '', 'city': 'Miami Beach', 'zip_code': '33139', 'country': 'US', 'state': 'FL', 'display_address': ['1220 Ocean Dr', 'Miami Beach, FL 33139']}",25.783019810915,-80.1301460713148
Miami,Tides Restaurant & Terrace,2.5,80,Moroccan,"{'address1': '1220 Ocean Dr', 'address2': '', 'address3': '', 'city': 'Miami Beach', 'zip_code': '33139', 'country': 'US', 'state': 'FL', 'display_address': ['1220 Ocean Dr', 'Miami Beach, FL 33139']}",25.783019810915,-80.1301460713148
Miami,Tides Restaurant & Terrace,2.5,80,Moroccan,"{'address1': '1220 Ocean Dr', 'address2': '', 'address3': '', 'city': 'Miami Beach', 'zip_code': '33139', 'country': 'US', 'state': 'FL', 'display_address': ['1220 Ocean Dr', 'Miami Beach, FL 33139']}",25.783019810915,-80.1301460713148
Miami,Tides Restaurant & Terrace,2.5,80,Moroccan,"{'address1': '1220 Ocean Dr', 'address2': '', 'address3': '', 'city': 'Miami Beach', 'zip_code': '33139', 'country': 'US', 'state': 'FL', 'display_address': ['1220 Ocean Dr', 'Miami Beach, FL 33139']}",25.783019810915,-80.1301460713148
Miami,Tides Restaurant & Terrace,2.5,80,Moroccan,"{'address1': '1220 Ocean Dr', 'address2': '', 'address3': '', 'city': 'Miami Beach', 'zip_code': '33139', 'country': 'US', 'state': 'FL', 'display_address': ['1220 Ocean Dr', 'Miami Beach, FL 33139']}",25.783019810915,-80.1301460713148
Miami,Tides Restaurant & Terrace,2.5,80,Moroccan,"{'address1': '1220 Ocean Dr', 'address2': '', 'address3': '', 'city': 'Miami Beach', 'zip_code': '33139', 'country': 'US', 'state': 'FL', 'display_address': ['1220 Ocean Dr', 'Miami Beach, FL 33139']}",25.783019810915,-80.1301460713148
Miami,Tides Restaurant & Terrace,2.5,80,Moroccan,"{'address1': '1220 Ocean Dr', 'address2': '', 'address3': '', 'city': 'Miami Beach', 'zip_code': '33139', 'country': 'US', 'state': 'FL', 'display_address': ['1220 Ocean Dr', 'Miami Beach, FL 33139']}",25.783019810915,-80.1301460713148
Miami,Tides Restaurant & Terrace,2.5,80,Moroccan,"{'address1': '1220 Ocean Dr', 'address2': '', 'address3': '', 'city': 'Miami Beach', 'zip_code': '33139', 'country': 'US', 'state': 'FL', 'display_address': ['1220 Ocean Dr', 'Miami Beach, FL 33139']}",25.783019810915,-80.1301460713148
Miami,Tides Restaurant & Terrace,2.5,80,Moroccan,"{'address1': '1220 Ocean Dr', 'address2': '', 'address3': '', 'city': 'Miami Beach', 'zip_code': '33139', 'country': 'US', 'state': 'FL', 'display_address': ['1220 Ocean Dr', 'Miami Beach, FL 33139']}",25.783019810915,-80.1301460713148
Miami,Tides Restaurant & Terrace,2.5,80,Moroccan,"{'address1': '1220 Ocean Dr', 'address2': '', 'address3': '', 'city': 'Miami Beach', 'zip_code': '33139', 'country': 'US', 'state': 'FL', 'display_address': ['1220 Ocean Dr', 'Miami Beach, FL 33139']}",25.783019810915,-80.1301460713148
Miami,Tides Restaurant & Terrace,2.5,80,Moroccan,"{'address1': '1220 Ocean Dr', 'address2': '', 'address3': '', 'city': 'Miami Beach', 'zip_code': '33139', 'country': 'US', 'state': 'FL', 'display_address': ['1220 Ocean Dr', 'Miami Beach, FL 33139']}",25.783019810915,-80.1301460713148
Miami,Tides Restaurant & Terrace,2.5,80,Moroccan,"{'address1': '1220 Ocean Dr', 'address2': '', 'address3': '', 'city': 'Miami Beach', 'zip_code': '33139', 'country': 'US', 'state': 'FL', 'display_address': ['1220 Ocean Dr', 'Miami Beach, FL 33139']}",25.783019810915,-80.1301460713148
Miami,Tides Restaurant & Terrace,2.5,80,Moroccan,"{'address1': '1220 Ocean Dr', 'address2': '', 'address3': '', 'city': 'Miami Beach', 'zip_code': '33139', 'country': 'US', 'state': 'FL', 'display_address': ['1220 Ocean Dr', 'Miami Beach, FL 33139']}",25.783019810915,-80.1301460713148
Miami,Tides Restaurant & Terrace,2.5,80,Moroccan,"{'address1': '1220 Ocean Dr', 'address2': '', 'address3': '', 'city': 'Miami Beach', 'zip_code': '33139', 'country': 'US', 'state': 'FL', 'display_address': ['1220 Ocean Dr', 'Miami Beach, FL 33139']}",25.783019810915,-80.1301460713148
Miami,Tides Restaurant & Terrace,2.5,80,Moroccan,"{'address1': '1220 Ocean Dr', 'address2': '', 'address3': '', 'city': 'Miami Beach', 'zip_code': '33139', 'country': 'US', 'state': 'FL', 'display_address': ['1220 Ocean Dr', 'Miami Beach, FL 33139']}",25.783019810915,-80.1301460713148
Miami,Tides Restaurant & Terrace,2.5,80,Moroccan,"{'address1': '1220 Ocean Dr', 'address2': '', 'address3': '', 'city': 'Miami Beach', 'zip_code': '33139', 'country': 'US', 'state': 'FL', 'display_address': ['1220 Ocean Dr', 'Miami Beach, FL 33139']}",25.783019810915,-80.1301460713148
Miami,Tides Restaurant & Terrace,2.5,80,Moroccan,"{'address1': '1220 Ocean Dr', 'address2': '', 'address3': '', 'city': 'Miami Beach', 'zip_code': '33139', 'country': 'US', 'state': 'FL', 'display_address': ['1220 Ocean Dr', 'Miami Beach, FL 33139']}",25.783019810915,-80.1301460713148
Miami,The Shop Tattoo Studio,5.0,7,Piercing,"{'address1': '1988 W 60th St', 'address2': None, 'address3': '', 'city': 'Hialeah', 'zip_code': '33012', 'country': 'US', 'state': 'FL', 'display_address': ['1988 W 60th St', 'Hialeah, FL 33012']}",25.8763378,-80.3224482116394
Miami,ABRA Gallery,5.0,8,Art Consultants,"{'address1': '713 East Las Olas Blvd', 'address2': '', 'address3': '', 'city': 'Fort Lauderdale', 'zip_code': '33301', 'country': 'US', 'state': 'FL', 'display_address': ['713 East Las Olas Blvd', 'Fort Lauderdale, FL 33301']}",26.119515,-80.135902
Miami,"Esmeralda's Earth, Wind and Fire Boutique",4.5,34,Religious Items,"{'address1': '12345 SW 224th St', 'address2': '', 'address3': 'Cottage 12345', 'city': 'Miami', 'zip_code': '33170', 'country': 'US', 'state': 'FL', 'display_address': ['12345 SW 224th St', 'Cottage 12345', 'Miami, FL 33170']}",25.559057,-80.391519
Miami,RC Gallery Miami,5.0,1,Sunglasses,"{'address1': '1654 SW 8th St', 'address2': '', 'address3': None, 'city': 'Miami', 'zip_code': '33135', 'country': 'US', 'state': 'FL', 'display_address': ['1654 SW 8th St', 'Miami, FL 33135']}",25.7655202,-80.2218027
Miami,Live Tables Entertainment & Catering,5.0,1,Wedding Chapels,"{'address1': '', 'address2': '', 'address3': '', 'city': 'Hollywood', 'zip_code': '33020', 'country': 'US', 'state': 'FL', 'display_address': ['Hollywood, FL 33020']}",26.0193004608154,-80.1523742675781
Miami,Bonded by Ink,5.0,1,Piercing,"{'address1': '111 S 21st Ave', 'address2': None, 'address3': '', 'city': 'Hollywood', 'zip_code': '33020', 'country': 'US', 'state': 'FL', 'display_address': ['111 S 21st Ave', 'Hollywood, FL 33020']}",26.01092,-80.148695
Miami,Fat Screens,5.0,1,Outdoor Movies,"{'address1': '', 'address2': '', 'address3': '', 'city': 'Homestead', 'zip_code': '33033', 'country': 'US', 'state': 'FL', 'display_address': ['Homestead, FL 33033']}",25.6653934,-80.3992652
Miami,Squirtin Ink,5.0,1,Piercing,"{'address1': '10 NE 3rd St', 'address2': None, 'address3': '', 'city': 'Homestead', 'zip_code': '33034', 'country': 'US', 'state': 'FL', 'display_address': ['10 NE 3rd St', 'Homestead, FL 33034']}",25.451123,-80.476218
Miami,The Ancient Spanish Monastery,4.0,72,Churches,"{'address1': '16711 W Dixie Hwy', 'address2': '', 'address3': '', 'city': 'North Miami Beach', 'zip_code': '33160', 'country': 'US', 'state': 'FL', 'display_address': ['16711 W Dixie Hwy', 'North Miami Beach, FL 33160']}",25.9304099,-80.15442
Miami,Miami Exotic Auto Racing,3.5,27,Racing Experience,"{'address1': '1 Speedway Blvd', 'address2': '', 'address3': '', 'city': 'Miami', 'zip_code': '33035', 'country': 'US', 'state': 'FL', 'display_address': ['1 Speedway Blvd', 'Miami, FL 33035']}",25.4537636,-80.410153
Miami,F.R.I.E.N.D.S. Horse Rescue & Sanctuary,3.5,3,Animal Shelters,"{'address1': '19801 Sheridan St', 'address2': '', 'address3': '', 'city': 'Southwest Ranches', 'zip_code': '33332', 'country': 'US', 'state': 'FL', 'display_address': ['19801 Sheridan St', 'Southwest Ranches, FL 33332']}",26.0317012,-80.4155338
Miami,JW Marriott Miami Turnberry Resort & Spa,3.0,276,Resorts,"{'address1': '19999 West Country Club Drive', 'address2': '', 'address3': '', 'city': 'Aventura', 'zip_code': '33180', 'country': 'US', 'state': 'FL', 'display_address': ['19999 West Country Club Drive', 'Aventura, FL 33180']}",25.960177,-80.137729
Miami,Live Tattoo,2.5,17,Piercing,"{'address1': '6735 Coral Way', 'address2': '', 'address3': '', 'city': 'Miami', 'zip_code': '33155', 'country': 'US', 'state': 'FL', 'display_address': ['6735 Coral Way', 'Miami, FL 33155']}",25.7485957208054,-80.3045143839799
Miami,Flying with Air,3.0,2,Herbal Shops,"{'address1': '19501 Biscayne Blvd', 'address2': None, 'address3': '', 'city': 'Aventura', 'zip_code': '33180', 'country': 'US', 'state': 'FL', 'display_address': ['19501 Biscayne Blvd', 'Aventura, FL 33180']}",25.95637,-80.14637
Miami,The 9th Chakra,2.0,30,"Books, Mags, Music & Video","{'address1': '1621 Alton Rd', 'address2': '', 'address3': '', 'city': 'Miami Beach', 'zip_code': '33139', 'country': 'US', 'state': 'FL', 'display_address': ['1621 Alton Rd', 'Miami Beach, FL 33139']}",25.78972,-80.1410451
Miami,Poseidon Ferry,5.0,5,Ferries,"{'address1': '520 W Ave', 'address2': '', 'address3': None, 'city': 'Miami Beach', 'zip_code': '33139', 'country': 'US', 'state': 'FL', 'display_address': ['520 W Ave', 'Miami Beach, FL 33139']}",25.774834329316697,-80.14205529585642
Miami,BJM Jetski Rentals,4.0,20,Flyboarding,"{'address1': None, 'address2': None, 'address3': '', 'city': 'Miami ', 'zip_code': '33138', 'country': 'US', 'state': 'FL', 'display_address': ['Miami , FL 33138']}",25.853954641198357,-80.17842494237686
Miami,Fort Lauderdale Water Taxi,3.0,467,Ferries,"{'address1': '335 SE 6th Ave', 'address2': '', 'address3': '', 'city': 'Fort Lauderdale', 'zip_code': '33301', 'country': 'US', 'state': 'FL', 'display_address': ['335 SE 6th Ave', 'Fort Lauderdale, FL 33301']}",26.118260884264,-80.1376128148804
Miami,Luxury Experience Miami,3.0,2,Vacation Rentals,"{'address1': '', 'address2': None, 'address3': '', 'city': 'Miami', 'zip_code': '33142', 'country': 'US', 'state': 'FL', 'display_address': ['Miami, FL 33142']}",25.811927653741606,-80.23856922669717
Miami,Champagne Bar at The Surf Club,5.0,13,Champagne Bars,"{'address1': '9101 Collins Ave', 'address2': '', 'address3': None, 'city': 'Surfside', 'zip_code': '33154', 'country': 'US', 'state': 'FL', 'display_address': ['9101 Collins Ave', 'Surfside, FL 33154']}",25.87803,-80.12136
Miami,Tipsee chix mobile bar,5.0,2,Bartenders,"{'address1': None, 'address2': None, 'address3': '', 'city': 'Miami', 'zip_code': '33131', 'country': 'US', 'state': 'FL', 'display_address': ['Miami, FL 33131']}",25.763293444488582,-80.18467675416966
Miami,Sardinia Enoteca Ristorante,4.0,386,Sardinian,"{'address1': '1801 Purdy Ave', 'address2': '', 'address3': '', 'city': 'Miami Beach', 'zip_code': '33139', 'country': 'US', 'state': 'FL', 'display_address': ['1801 Purdy Ave', 'Miami Beach, FL 33139']}",25.79384,-80.14417
Miami,Selva Negra Restaurant,3.0,62,Nicaraguan,"{'address1': '2025 W Flagler St', 'address2': '', 'address3': '', 'city': 'Miami', 'zip_code': '33135', 'country': 'US', 'state': 'FL', 'display_address': ['2025 W Flagler St', 'Miami, FL 33135']}",25.7729644775391,-80.2287979125977
Miami,The Living Room - Faena Hotel Miami Beach,3.0,48,Champagne Bars,"{'address1': '3201 Collins Ave', 'address2': '', 'address3': '', 'city': 'Miami Beach', 'zip_code': '33139', 'country': 'US', 'state': 'FL', 'display_address': ['3201 Collins Ave', 'Miami Beach, FL 33139']}",25.807241391581,-80.124053962296
Miami,Tides Restaurant & Terrace,2.5,80,Moroccan,"{'address1': '1220 Ocean Dr', 'address2': '', 'address3': '', 'city': 'Miami Beach', 'zip_code': '33139', 'country': 'US', 'state': 'FL', 'display_address': ['1220 Ocean Dr', 'Miami Beach, FL 33139']}",25.783019810915,-80.1301460713148
NewYork,Aragvi,4.5,22,Georgian,"{'address1': '230 E 44th St', 'address2': None, 'address3': '', 'city': 'New York', 'zip_code': '10017', 'country': 'US', 'state': 'NY', 'display_address': ['230 E 44th St', 'New York, NY 10017']}",40.751298,-73.972179
NewYork,Isla & Co,4.5,76,Australian,"{'address1': '25 W 38th St', 'address2': None, 'address3': '', 'city': 'New York', 'zip_code': '10018', 'country': 'US', 'state': 'NY', 'display_address': ['25 W 38th St', 'New York, NY 10018']}",40.751771,-73.984269
NewYork,Caledonia Bar,4.5,269,Scottish,"{'address1': '1609 2nd Ave', 'address2': '', 'address3': '', 'city': 'New York', 'zip_code': '10028', 'country': 'US', 'state': 'NY', 'display_address': ['1609 2nd Ave', 'New York, NY 10028']}",40.776327,-73.953213
NewYork,Chama Mama,4.5,656,Georgian,"{'address1': '149 W 14th St', 'address2': None, 'address3': '', 'city': 'New York', 'zip_code': '10011', 'country': 'US', 'state': 'NY', 'display_address': ['149 W 14th St', 'New York, NY 10011']}",40.7384,-73.99892
NewYork,Concrete,4.5,144,Sicilian,"{'address1': '906 Broadway', 'address2': None, 'address3': '', 'city': 'Brooklyn', 'zip_code': '11206', 'country': 'US', 'state': 'NY', 'display_address': ['906 Broadway', 'Brooklyn, NY 11206']}",40.697666,-73.937023
NewYork,Fishmarket Restaurant,4.5,630,Malaysian,"{'address1': '111 South St', 'address2': '', 'address3': '', 'city': 'New York', 'zip_code': '10038', 'country': 'US', 'state': 'NY', 'display_address': ['111 South St', 'New York, NY 10038']}",40.70717,-74.00192
NewYork,Arts and Crafts Beer Parlor - Morningside Heights,4.5,79,Public Art,"{'address1': '1135 Amsterdam Ave', 'address2': None, 'address3': '', 'city': 'New York', 'zip_code': '10025', 'country': 'US', 'state': 'NY', 'display_address': ['1135 Amsterdam Ave', 'New York, NY 10025']}",40.8065912,-73.9610353
NewYork,The Lavaux,4.5,100,Fondue,"{'address1': '630 Hudson St', 'address2': '', 'address3': None, 'city': 'New York', 'zip_code': '10014', 'country': 'US', 'state': 'NY', 'display_address': ['630 Hudson St', 'New York, NY 10014']}",40.7383532750564,-74.0055276453495
NewYork,Amor y Amargo,4.0,507,Vermouth Bars,"{'address1': '443 E 6th St', 'address2': '', 'address3': '', 'city': 'New York', 'zip_code': '10009', 'country': 'US', 'state': 'NY', 'display_address': ['443 E 6th St', 'New York, NY 10009']}",40.72572,-73.98428
NewYork,Kaia Wine Bar,4.0,526,South African,"{'address1': '1614 3rd Ave', 'address2': '', 'address3': '', 'city': 'New York', 'zip_code': '10128', 'country': 'US', 'state': 'NY', 'display_address': ['1614 3rd Ave', 'New York, NY 10128']}",40.7819,-73.95197
NewYork,Trinity Pub,4.0,114,Trivia Hosts,"{'address1': '229 E 84th St', 'address2': '', 'address3': '', 'city': 'New York', 'zip_code': '10028', 'country': 'US', 'state': 'NY', 'display_address': ['229 E 84th St', 'New York, NY 10028']}",40.7771,-73.9537
NewYork,Aragvi,4.5,22,Georgian,"{'address1': '230 E 44th St', 'address2': None, 'address3': '', 'city': 'New York', 'zip_code': '10017', 'country': 'US', 'state': 'NY', 'display_address': ['230 E 44th St', 'New York, NY 10017']}",40.751298,-73.972179
NewYork,Isla & Co,4.5,76,Australian,"{'address1': '25 W 38th St', 'address2': None, 'address3': '', 'city': 'New York', 'zip_code': '10018', 'country': 'US', 'state': 'NY', 'display_address': ['25 W 38th St', 'New York, NY 10018']}",40.751771,-73.984269
NewYork,Caledonia Bar,4.5,269,Scottish,"{'address1': '1609 2nd Ave', 'address2': '', 'address3': '', 'city': 'New York', 'zip_code': '10028', 'country': 'US', 'state': 'NY', 'display_address': ['1609 2nd Ave', 'New York, NY 10028']}",40.776327,-73.953213
NewYork,Chama Mama,4.5,656,Georgian,"{'address1': '149 W 14th St', 'address2': None, 'address3': '', 'city': 'New York', 'zip_code': '10011', 'country': 'US', 'state': 'NY', 'display_address': ['149 W 14th St', 'New York, NY 10011']}",40.7384,-73.99892
NewYork,Concrete,4.5,144,Sicilian,"{'address1': '906 Broadway', 'address2': None, 'address3': '', 'city': 'Brooklyn', 'zip_code': '11206', 'country': 'US', 'state': 'NY', 'display_address': ['906 Broadway', 'Brooklyn, NY 11206']}",40.697666,-73.937023
NewYork,Fishmarket Restaurant,4.5,630,Malaysian,"{'address1': '111 South St', 'address2': '', 'address3': '', 'city': 'New York', 'zip_code': '10038', 'country': 'US', 'state': 'NY', 'display_address': ['111 South St', 'New York, NY 10038']}",40.70717,-74.00192
NewYork,Arts and Crafts Beer Parlor - Morningside Heights,4.5,79,Public Art,"{'address1': '1135 Amsterdam Ave', 'address2': None, 'address3': '', 'city': 'New York', 'zip_code': '10025', 'country': 'US', 'state': 'NY', 'display_address': ['1135 Amsterdam Ave', 'New York, NY 10025']}",40.8065912,-73.9610353
NewYork,The Lavaux,4.5,100,Fondue,"{'address1': '630 Hudson St', 'address2': '', 'address3': None, 'city': 'New York', 'zip_code': '10014', 'country': 'US', 'state': 'NY', 'display_address': ['630 Hudson St', 'New York, NY 10014']}",40.7383532750564,-74.0055276453495
NewYork,Mamak House,4.0,133,Malaysian,"{'address1': '250 Rte 440', 'address2': None, 'address3': '', 'city': 'Jersey City', 'zip_code': '07305', 'country': 'US', 'state': 'NJ', 'display_address': ['250 Rte 440', 'Jersey City, NJ 07305']}",40.705302816474706,-74.09962288773093
NewYork,Amor y Amargo,4.0,507,Vermouth Bars,"{'address1': '443 E 6th St', 'address2': '', 'address3': '', 'city': 'New York', 'zip_code': '10009', 'country': 'US', 'state': 'NY', 'display_address': ['443 E 6th St', 'New York, NY 10009']}",40.72572,-73.98428
NewYork,Kaia Wine Bar,4.0,525,South African,"{'address1': '1614 3rd Ave', 'address2': '', 'address3': '', 'city': 'New York', 'zip_code': '10128', 'country': 'US', 'state': 'NY', 'display_address': ['1614 3rd Ave', 'New York, NY 10128']}",40.7819,-73.95197
NewYork,Georgian Corner,5.0,6,Georgian,"{'address1': '626 Sheepshead Bay Rd', 'address2': None, 'address3': '', 'city': 'Brooklyn', 'zip_code': '11224', 'country': 'US', 'state': 'NY', 'display_address': ['626 Sheepshead Bay Rd', 'Brooklyn, NY 11224']}",40.578965848278486,-73.97597357100707
NewYork,Tong,5.0,60,Bangladeshi,"{'address1': '37-08 73rd St', 'address2': '', 'address3': None, 'city': 'Jackson Heights', 'zip_code': '11372', 'country': 'US', 'state': 'NY', 'display_address': ['37-08 73rd St', 'Jackson Heights, NY 11372']}",40.748542632468485,-73.89288446952933
NewYork,Tong,5.0,60,Bangladeshi,"{'address1': '37-08 73rd St', 'address2': '', 'address3': None, 'city': 'Jackson Heights', 'zip_code': '11372', 'country': 'US', 'state': 'NY', 'display_address': ['37-08 73rd St', 'Jackson Heights, NY 11372']}",40.748542632468485,-73.89288446952933
NewYork,Jhal NYC,5.0,4,Bangladeshi,"{'address1': '', 'address2': '', 'address3': '', 'city': 'Queens Village', 'zip_code': '11101', 'country': 'US', 'state': 'NY', 'display_address': ['Queens Village, NY 11101']}",40.75036,-73.94478
NewYork, Ubani,4.5,92,Georgian,"{'address1': '37A Bedford St', 'address2': '', 'address3': None, 'city': 'New York', 'zip_code': '10014', 'country': 'US', 'state': 'NY', 'display_address': ['37A Bedford St', 'New York, NY 10014']}",40.73005,-74.00417
NewYork,Baba's Pierogies,4.5,467,Slovakian,"{'address1': '295 3rd Ave', 'address2': '', 'address3': '', 'city': 'Brooklyn', 'zip_code': '11215', 'country': 'US', 'state': 'NY', 'display_address': ['295 3rd Ave', 'Brooklyn, NY 11215']}",40.67687,-73.98633
NewYork,Kyuramen - Garden City,4.5,45,Japanese Curry,"{'address1': '988 Franklin Ave', 'address2': None, 'address3': '', 'city': 'Garden City', 'zip_code': '11530', 'country': 'US', 'state': 'NY', 'display_address': ['988 Franklin Ave', 'Garden City, NY 11530']}",40.729262,-73.63591
NewYork,Aragvi,4.5,22,Georgian,"{'address1': '230 E 44th St', 'address2': None, 'address3': '', 'city': 'New York', 'zip_code': '10017', 'country': 'US', 'state': 'NY', 'display_address': ['230 E 44th St', 'New York, NY 10017']}",40.751298,-73.972179
NewYork,Hi Food Cafe,4.5,18,Armenian,"{'address1': '3078 Coney Island Ave', 'address2': None, 'address3': '', 'city': 'Brooklyn', 'zip_code': '11235', 'country': 'US', 'state': 'NY', 'display_address': ['3078 Coney Island Ave', 'Brooklyn, NY 11235']}",40.58103,-73.96007
NewYork,Chef CBTM Bistro,4.5,16,Malaysian,"{'address1': '37-65 74th St', 'address2': None, 'address3': '', 'city': 'Jackson Heights', 'zip_code': '11372', 'country': 'US', 'state': 'NY', 'display_address': ['37-65 74th St', 'Jackson Heights, NY 11372']}",40.74716,-73.89124
NewYork,Fuskahouse,4.5,50,Bangladeshi,"{'address1': '73-01 37th Ave', 'address2': None, 'address3': '', 'city': 'Jackson Heights', 'zip_code': '11373', 'country': 'US', 'state': 'NY', 'display_address': ['73-01 37th Ave', 'Jackson Heights, NY 11373']}",40.74904,-73.8923982
NewYork,Curry House,4.5,50,Malaysian,"{'address1': '9 Pell St', 'address2': '', 'address3': None, 'city': 'New York', 'zip_code': '10013', 'country': 'US', 'state': 'NY', 'display_address': ['9 Pell St', 'New York, NY 10013']}",40.7147043540403,-73.99770502336152
NewYork,Kadampa Meditation Center Williamsburg Branch,5.0,11,Buddhist Temples,"{'address1': '119 N 11th St', 'address2': 'Unit 1C', 'address3': '', 'city': 'Brooklyn', 'zip_code': '11249', 'country': 'US', 'state': 'NY', 'display_address': ['119 N 11th St', 'Unit 1C', 'Brooklyn, NY 11249']}",40.72075,-73.95627
NewYork,Vajradhara Meditation Center,5.0,8,Buddhist Temples,"{'address1': '444 Atlantic Ave', 'address2': '', 'address3': '', 'city': 'Brooklyn', 'zip_code': '11217', 'country': 'US', 'state': 'NY', 'display_address': ['444 Atlantic Ave', 'Brooklyn, NY 11217']}",40.6862125,-73.9836072
NewYork,BreakoutIQ,5.0,43,Trivia Hosts,"{'address1': None, 'address2': None, 'address3': '', 'city': 'New York', 'zip_code': '10001', 'country': 'US', 'state': 'NY', 'display_address': ['New York, NY 10001']}",40.7491302490234,-73.9923629760742
NewYork,NYC Trivia League,5.0,45,Trivia Hosts,"{'address1': '', 'address2': '', 'address3': '', 'city': 'New York', 'zip_code': '10001', 'country': 'US', 'state': 'NY', 'display_address': ['New York, NY 10001']}",40.750244140625,-73.9970245361328
NewYork,Tiger Badminton Training,5.0,4,Badminton,"{'address1': '9730 Queens Blvd', 'address2': 'Fl 4', 'address3': None, 'city': 'Rego Park', 'zip_code': '11374', 'country': 'US', 'state': 'NY', 'display_address': ['9730 Queens Blvd', 'Fl 4', 'Rego Park, NY 11374']}",40.728195,-73.859187
NewYork,The Language School,5.0,4,Language Schools,"{'address1': '10 Roberts Ln', 'address2': 'Ste 203', 'address3': '', 'city': 'Ridgefield', 'zip_code': '06877', 'country': 'US', 'state': 'CT', 'display_address': ['10 Roberts Ln', 'Ste 203', 'Ridgefield, CT 06877']}",41.290305,-73.4982257
NewYork,Miramar Ski Club,4.5,15,Ski Resorts,"{'address1': '716 6th Ave New York Ny 10010', 'address2': '', 'address3': '', 'city': 'New York', 'zip_code': '10010', 'country': 'US', 'state': 'NY', 'display_address': ['716 6th Ave New York Ny 10010', 'New York, NY 10010']}",40.74303,-73.99208
NewYork,Georgian Corner,5.0,6,Georgian,"{'address1': '626 Sheepshead Bay Rd', 'address2': None, 'address3': '', 'city': 'Brooklyn', 'zip_code': '11224', 'country': 'US', 'state': 'NY', 'display_address': ['626 Sheepshead Bay Rd', 'Brooklyn, NY 11224']}",40.578965848278486,-73.97597357100707
NewYork,Tong,5.0,60,Bangladeshi,"{'address1': '37-08 73rd St', 'address2': '', 'address3': None, 'city': 'Jackson Heights', 'zip_code': '11372', 'country': 'US', 'state': 'NY', 'display_address': ['37-08 73rd St', 'Jackson Heights, NY 11372']}",40.748542632468485,-73.89288446952933
NewYork,Jhal NYC,5.0,4,Bangladeshi,"{'address1': '', 'address2': '', 'address3': '', 'city': 'Queens Village', 'zip_code': '11101', 'country': 'US', 'state': 'NY', 'display_address': ['Queens Village, NY 11101']}",40.75036,-73.94478
NewYork, Ubani,4.5,92,Georgian,"{'address1': '37A Bedford St', 'address2': '', 'address3': None, 'city': 'New York', 'zip_code': '10014', 'country': 'US', 'state': 'NY', 'display_address': ['37A Bedford St', 'New York, NY 10014']}",40.73005,-74.00417
NewYork,Fuskahouse,4.5,50,Bangladeshi,"{'address1': '73-01 37th Ave', 'address2': None, 'address3': '', 'city': 'Jackson Heights', 'zip_code': '11373', 'country': 'US', 'state': 'NY', 'display_address': ['73-01 37th Ave', 'Jackson Heights, NY 11373']}",40.74904,-73.8923982
NewYork,NYC Adventures,5.0,7,Pedicabs,"{'address1': '59th St & 6th Ave', 'address2': None, 'address3': None, 'city': 'New York', 'zip_code': '10019', 'country': 'US', 'state': 'NY', 'display_address': ['59th St & 6th Ave', 'New York, NY 10019']}",40.7657168,-73.9761894
NewYork,Pedicab the Park With Laramie Flick,5.0,16,Pedicabs,"{'address1': 'Central Park', 'address2': '', 'address3': '', 'city': 'Central Park', 'zip_code': '10023', 'country': 'US', 'state': 'NY', 'display_address': ['Central Park', 'Central Park, NY 10023']}",40.766029,-73.9770582
NewYork,7evenwheels,5.0,4,Pedicabs,"{'address1': None, 'address2': None, 'address3': '', 'city': 'New York', 'zip_code': '10019', 'country': 'US', 'state': 'NY', 'display_address': ['New York, NY 10019']}",40.76419,-73.98504
NewYork,NYC Park Tours - Central Park Pedicab Tour,5.0,3,Pedicabs,"{'address1': '1411 6th Ave', 'address2': None, 'address3': '', 'city': 'New York', 'zip_code': '10019', 'country': 'US', 'state': 'NY', 'display_address': ['1411 6th Ave', 'New York, NY 10019']}",40.7648513,-73.9771338
NewYork,NYC Pub Bar Club Crawl Rockstarcrawls,4.5,9,Club Crawl,"{'address1': '101 Perry St', 'address2': None, 'address3': '', 'city': 'New York', 'zip_code': '10014', 'country': 'US', 'state': 'NY', 'display_address': ['101 Perry St', 'New York, NY 10014']}",40.73529,-74.0056199
NewYork,Somm Seekers,5.0,1,Sommelier Services,"{'address1': '80-08 35th Ave', 'address2': '3K', 'address3': '', 'city': 'Queens', 'zip_code': '11372', 'country': 'US', 'state': 'NY', 'display_address': ['80-08 35th Ave', '3K', 'Queens, NY 11372']}",40.7515004878691,-73.8860162304507
NewYork,LX Coach Bus Charter,5.0,1,Bus Stations,"{'address1': '1515 Broadway', 'address2': None, 'address3': '', 'city': 'New York', 'zip_code': '10036', 'country': 'US', 'state': 'NY', 'display_address': ['1515 Broadway', 'New York, NY 10036']}",39.2416955,-75.922895
NewYork,Keyport Princess,4.0,3,Whale Watching Tours,"{'address1': '1 American Legion Dr', 'address2': None, 'address3': '', 'city': 'Keyport', 'zip_code': '07735', 'country': 'US', 'state': 'NJ', 'display_address': ['1 American Legion Dr', 'Keyport, NJ 07735']}",40.43882119928834,-74.2029336740408
NewYork,Aragvi,4.5,22,Georgian,"{'address1': '230 E 44th St', 'address2': None, 'address3': '', 'city': 'New York', 'zip_code': '10017', 'country': 'US', 'state': 'NY', 'display_address': ['230 E 44th St', 'New York, NY 10017']}",40.751298,-73.972179
NewYork,Isla & Co,4.5,76,Australian,"{'address1': '25 W 38th St', 'address2': None, 'address3': '', 'city': 'New York', 'zip_code': '10018', 'country': 'US', 'state': 'NY', 'display_address': ['25 W 38th St', 'New York, NY 10018']}",40.751771,-73.984269
NewYork,NYC Pub Bar Club Crawl Rockstarcrawls,4.5,9,Club Crawl,"{'address1': '101 Perry St', 'address2': None, 'address3': '', 'city': 'New York', 'zip_code': '10014', 'country': 'US', 'state': 'NY', 'display_address': ['101 Perry St', 'New York, NY 10014']}",40.73529,-74.0056199
NewYork,Caledonia Bar,4.5,269,Scottish,"{'address1': '1609 2nd Ave', 'address2': '', 'address3': '', 'city': 'New York', 'zip_code': '10028', 'country': 'US', 'state': 'NY', 'display_address': ['1609 2nd Ave', 'New York, NY 10028']}",40.776327,-73.953213
NewYork,Chama Mama,4.5,656,Georgian,"{'address1': '149 W 14th St', 'address2': None, 'address3': '', 'city': 'New York', 'zip_code': '10011', 'country': 'US', 'state': 'NY', 'display_address': ['149 W 14th St', 'New York, NY 10011']}",40.7384,-73.99892
NewYork,Concrete,4.5,144,Sicilian,"{'address1': '906 Broadway', 'address2': None, 'address3': '', 'city': 'Brooklyn', 'zip_code': '11206', 'country': 'US', 'state': 'NY', 'display_address': ['906 Broadway', 'Brooklyn, NY 11206']}",40.697666,-73.937023
NewYork,Fishmarket Restaurant,4.5,630,Malaysian,"{'address1': '111 South St', 'address2': '', 'address3': '', 'city': 'New York', 'zip_code': '10038', 'country': 'US', 'state': 'NY', 'display_address': ['111 South St', 'New York, NY 10038']}",40.70717,-74.00192
NewYork,Arts and Crafts Beer Parlor - Morningside Heights,4.5,79,Public Art,"{'address1': '1135 Amsterdam Ave', 'address2': None, 'address3': '', 'city': 'New York', 'zip_code': '10025', 'country': 'US', 'state': 'NY', 'display_address': ['1135 Amsterdam Ave', 'New York, NY 10025']}",40.8065912,-73.9610353
NewYork,The Lavaux,4.5,100,Fondue,"{'address1': '630 Hudson St', 'address2': '', 'address3': None, 'city': 'New York', 'zip_code': '10014', 'country': 'US', 'state': 'NY', 'display_address': ['630 Hudson St', 'New York, NY 10014']}",40.7383532750564,-74.0055276453495
NewYork,Skillman Music Recording Studio,5.0,2,Music Production Services,"{'address1': '65 Skillman Ave', 'address2': '', 'address3': '', 'city': 'Williamsburg', 'zip_code': '11211', 'country': 'US', 'state': 'NY', 'display_address': ['65 Skillman Ave', 'Williamsburg, NY 11211']}",40.715736,-73.94905
NewYork,Mamak House,4.0,133,Malaysian,"{'address1': '250 Rte 440', 'address2': None, 'address3': '', 'city': 'Jersey City', 'zip_code': '07305', 'country': 'US', 'state': 'NJ', 'display_address': ['250 Rte 440', 'Jersey City, NJ 07305']}",40.705302816474706,-74.09962288773093
NewYork,Amor y Amargo,4.0,507,Vermouth Bars,"{'address1': '443 E 6th St', 'address2': '', 'address3': '', 'city': 'New York', 'zip_code': '10009', 'country': 'US', 'state': 'NY', 'display_address': ['443 E 6th St', 'New York, NY 10009']}",40.72572,-73.98428
NewYork,Kaia Wine Bar,4.0,525,South African,"{'address1': '1614 3rd Ave', 'address2': '', 'address3': '', 'city': 'New York', 'zip_code': '10128', 'country': 'US', 'state': 'NY', 'display_address': ['1614 3rd Ave', 'New York, NY 10128']}",40.7819,-73.95197
